{"stats":{"minecraft:mined":{"minecraft:blackstone":1,"minecraft:deepslate_diamond_ore":11,"minecraft:soul_torch":1,"minecraft:basalt":2,"minecraft:wheat":41,"minecraft:fire":1,"minecraft:spruce_log":6,"minecraft:stone":1},"minecraft:broken":{"minecraft:diamond_boots":1},"minecraft:killed":{"minecraft:piglin":3},"minecraft:used":{"minecraft:wheat_seeds":41,"minecraft:elytra":1,"minecraft:shield":1,"minecraft:stone":3,"minecraft:iron_sword":1,"minecraft:diamond_axe":49,"minecraft:deepslate_bricks":1,"minecraft:iron_chestplate":1,"minecraft:crafting_table":1,"minecraft:diamond_pickaxe":5,"minecraft:wind_charge":26,"minecraft:iron_pickaxe":11,"minecraft:deepslate_diamond_ore":11,"minecraft:bow":4,"minecraft:potion":1,"minecraft:egg":1,"minecraft:iron_leggings":1,"minecraft:soul_torch":2},"minecraft:picked_up":{"minecraft:wheat":39,"minecraft:basalt":2,"minecraft:diamond_sword":1,"minecraft:potion":2,"minecraft:sculk_vein":1,"minecraft:iron_leggings":2,"minecraft:experience_bottle":2,"minecraft:blackstone":3,"minecraft:wheat_seeds":98,"minecraft:deepslate_diamond_ore":11,"minecraft:iron_ingot":5,"minecraft:iron_pickaxe":2,"minecraft:glass_bottle":1,"minecraft:chest":2,"minecraft:diamond_hoe":1,"minecraft:egg":1,"minecraft:book":4,"minecraft:stick":32,"minecraft:stone":27,"minecraft:polished_blackstone_bricks":10,"minecraft:soul_torch":2,"minecraft:spruce_log":6,"minecraft:diamond":11,"minecraft:spruce_boat":1,"minecraft:deepslate_bricks":1,"minecraft:polished_basalt":3,"minecraft:cracked_polished_blackstone_bricks":10,"minecraft:diamond_axe":1,"minecraft:coal":27},"minecraft:custom":{"minecraft:mob_kills":3,"minecraft:interact_with_crafting_table":7,"minecraft:open_shulker_box":3,"minecraft:time_since_death":11090,"minecraft:sleep_in_bed":1,"minecraft:time_since_rest":6506,"minecraft:open_enderchest":1,"minecraft:sprint_one_cm":71955,"minecraft:damage_taken":2459,"minecraft:walk_one_cm":82477,"minecraft:damage_blocked_by_shield":25,"minecraft:drop":6,"minecraft:damage_dealt":787,"minecraft:swim_one_cm":13592,"minecraft:talked_to_villager":1,"minecraft:fly_one_cm":72353,"minecraft:open_chest":51,"minecraft:crouch_one_cm":1791,"minecraft:play_time":41265,"minecraft:deaths":1,"minecraft:sneak_time":661,"minecraft:walk_under_water_one_cm":1729,"minecraft:jump":409,"minecraft:aviate_one_cm":1000,"minecraft:walk_on_water_one_cm":10622,"minecraft:total_world_time":41265,"minecraft:fall_one_cm":12828},"minecraft:killed_by":{"minecraft:player":1},"minecraft:dropped":{"minecraft:wheat_seeds":57,"minecraft:diamond_axe":1,"minecraft:sculk_vein":1,"minecraft:diamond_sword":1,"minecraft:iron_pickaxe":1},"minecraft:crafted":{"minecraft:diamond_axe":1,"minecraft:crafting_table":1,"minecraft:spruce_planks":24,"minecraft:iron_sword":1,"minecraft:wind_charge":24,"minecraft:bread":13,"minecraft:diamond_helmet":1,"minecraft:diamond_pickaxe":1,"minecraft:shield":1,"minecraft:iron_axe":1,"minecraft:stick":16,"minecraft:iron_pickaxe":2}},"DataVersion":3955}