{"stats":{"minecraft:crafted":{"minecraft:diamond_sword":1,"minecraft:diamond_pickaxe":1,"minecraft:diamond_axe":1,"minecraft:crafting_table":1,"minecraft:spruce_planks":40,"minecraft:stick":20,"minecraft:wooden_pickaxe":1,"minecraft:stone_pickaxe":1,"minecraft:stone_sword":1,"minecraft:spruce_boat":1,"minecraft:stone_axe":1},"minecraft:used":{"minecraft:spruce_boat":1,"minecraft:diamond_boots":1,"minecraft:stone_sword":1,"minecraft:firework_rocket":8,"minecraft:stone_pickaxe":4,"minecraft:elytra":9,"minecraft:wooden_pickaxe":8,"minecraft:spruce_sapling":5,"minecraft:diamond_axe":26,"minecraft:diamond_chestplate":10,"minecraft:dirt":2,"minecraft:diamond_sword":7,"minecraft:mutton":1,"minecraft:beef":2,"minecraft:sweet_berries":1,"minecraft:crafting_table":1,"minecraft:diamond_helmet":1,"minecraft:cooked_beef":4,"minecraft:diamond_leggings":1},"minecraft:custom":{"minecraft:time_since_rest":18843,"minecraft:sprint_one_cm":95330,"minecraft:open_enderchest":1,"minecraft:damage_taken":1169,"minecraft:walk_one_cm":103784,"minecraft:mob_kills":2,"minecraft:drop":2,"minecraft:damage_dealt":484,"minecraft:swim_one_cm":8679,"minecraft:interact_with_crafting_table":6,"minecraft:fly_one_cm":42991,"minecraft:open_chest":17,"minecraft:open_shulker_box":1,"minecraft:crouch_one_cm":1017,"minecraft:play_time":33157,"minecraft:deaths":3,"minecraft:sneak_time":1322,"minecraft:walk_under_water_one_cm":2229,"minecraft:boat_one_cm":17885,"minecraft:aviate_one_cm":304458,"minecraft:jump":428,"minecraft:time_since_death":18755,"minecraft:walk_on_water_one_cm":13678,"minecraft:total_world_time":33157,"minecraft:fall_one_cm":10534},"minecraft:dropped":{"minecraft:diamond":39,"minecraft:leather":1},"minecraft:killed_by":{"minecraft:spider":1,"minecraft:zombie":2},"minecraft:killed":{"minecraft:sheep":1,"minecraft:cow":1},"minecraft:picked_up":{"minecraft:crafting_table":1,"minecraft:raw_iron":2,"minecraft:cooked_beef":4,"minecraft:sweet_berries":10,"minecraft:leather":1,"minecraft:spruce_sapling":7,"minecraft:spruce_log":14,"minecraft:dirt":3,"minecraft:elytra":1,"minecraft:firework_rocket":11,"minecraft:diamond_chestplate":1,"minecraft:diamond":47,"minecraft:spruce_boat":1,"minecraft:diamond_leggings":1,"minecraft:diamond_boots":1,"minecraft:beef":2,"minecraft:diamond_helmet":1,"minecraft:mutton":1,"minecraft:coal":2,"minecraft:white_wool":1,"minecraft:cobblestone":8,"minecraft:egg":1},"minecraft:mined":{"minecraft:spruce_sapling":1,"minecraft:iron_ore":2,"minecraft:sweet_berry_bush":5,"minecraft:spruce_log":15,"minecraft:crafting_table":1,"minecraft:short_grass":2,"minecraft:grass_block":1,"minecraft:coal_ore":2,"minecraft:tall_grass":1,"minecraft:spruce_leaves":72,"minecraft:stone":8,"minecraft:oak_leaves":6,"minecraft:fern":1}},"DataVersion":3955}