{"stats":{"minecraft:crafted":{"minecraft:diamond_sword":1,"minecraft:diamond_pickaxe":1,"minecraft:diamond_axe":1,"minecraft:crafting_table":1,"minecraft:spruce_planks":40,"minecraft:stick":20,"minecraft:wooden_pickaxe":1,"minecraft:stone_pickaxe":1,"minecraft:stone_sword":1,"minecraft:spruce_boat":1,"minecraft:stone_axe":1},"minecraft:used":{"minecraft:spruce_boat":1,"minecraft:diamond_boots":1,"minecraft:stone_sword":1,"minecraft:stone_pickaxe":4,"minecraft:wooden_pickaxe":8,"minecraft:spruce_sapling":1,"minecraft:diamond_axe":26,"minecraft:diamond_chestplate":1,"minecraft:diamond_sword":1,"minecraft:sweet_berries":1,"minecraft:crafting_table":1,"minecraft:diamond_helmet":1,"minecraft:diamond_leggings":1},"minecraft:custom":{"minecraft:time_since_rest":6843,"minecraft:sprint_one_cm":51982,"minecraft:damage_taken":909,"minecraft:walk_one_cm":62246,"minecraft:drop":1,"minecraft:damage_dealt":218,"minecraft:swim_one_cm":8679,"minecraft:interact_with_crafting_table":6,"minecraft:fly_one_cm":26211,"minecraft:crouch_one_cm":1017,"minecraft:play_time":21157,"minecraft:deaths":3,"minecraft:sneak_time":1318,"minecraft:walk_under_water_one_cm":2229,"minecraft:boat_one_cm":17885,"minecraft:jump":265,"minecraft:time_since_death":6755,"minecraft:walk_on_water_one_cm":11873,"minecraft:total_world_time":21157,"minecraft:fall_one_cm":9346},"minecraft:dropped":{"minecraft:diamond":39},"minecraft:killed_by":{"minecraft:spider":1,"minecraft:zombie":2},"minecraft:picked_up":{"minecraft:crafting_table":1,"minecraft:raw_iron":2,"minecraft:sweet_berries":10,"minecraft:spruce_sapling":6,"minecraft:spruce_log":14,"minecraft:dirt":1,"minecraft:diamond_chestplate":1,"minecraft:diamond":47,"minecraft:spruce_boat":1,"minecraft:diamond_leggings":1,"minecraft:diamond_boots":1,"minecraft:diamond_helmet":1,"minecraft:coal":2,"minecraft:cobblestone":8,"minecraft:egg":1},"minecraft:mined":{"minecraft:spruce_sapling":1,"minecraft:iron_ore":2,"minecraft:sweet_berry_bush":5,"minecraft:spruce_log":15,"minecraft:crafting_table":1,"minecraft:grass_block":1,"minecraft:coal_ore":2,"minecraft:spruce_leaves":70,"minecraft:stone":8,"minecraft:oak_leaves":6,"minecraft:fern":1}},"DataVersion":3955}