{"stats":{"minecraft:mined":{"minecraft:dark_oak_planks":16,"minecraft:dragon_wall_head":1,"minecraft:white_bed":4,"minecraft:obsidian":16,"minecraft:granite":47,"minecraft:deepslate_bricks":1,"minecraft:purpur_slab":25,"minecraft:chiseled_tuff_bricks":23,"minecraft:hopper":3,"minecraft:nether_wart":19,"minecraft:oak_wall_sign":1,"minecraft:oxeye_daisy":3,"minecraft:spawner":6,"minecraft:polished_blackstone_bricks":43,"minecraft:tall_seagrass":1,"minecraft:magma_block":13,"minecraft:mossy_cobblestone_stairs":1,"minecraft:dark_oak_trapdoor":2,"minecraft:cobbled_deepslate":27,"minecraft:fire":91,"minecraft:fletching_table":43,"minecraft:sculk_shrieker":11,"minecraft:cave_vines":1,"minecraft:dirt_path":359,"minecraft:oak_stairs":231,"minecraft:deepslate_brick_stairs":1,"minecraft:iron_block":34,"minecraft:tripwire":13,"minecraft:soul_wall_torch":1,"minecraft:brown_mushroom":7,"minecraft:crimson_nylium":1,"minecraft:soul_fire":10,"minecraft:powder_snow":35,"minecraft:torch":9,"minecraft:blast_furnace":4,"minecraft:spruce_wall_sign":1,"minecraft:sugar_cane":71,"minecraft:bricks":1,"minecraft:white_terracotta":62,"minecraft:wheat":8,"minecraft:waxed_copper_block":13,"minecraft:oak_fence_gate":3,"minecraft:smooth_basalt":17,"minecraft:deepslate":904,"minecraft:mossy_cobblestone":43,"minecraft:dark_oak_log":16,"minecraft:shulker_box":7,"minecraft:end_stone":166,"minecraft:nether_bricks":50,"minecraft:dark_oak_fence":8,"minecraft:crimson_roots":2,"minecraft:redstone_wire":1,"minecraft:redstone_ore":2,"minecraft:waxed_oxidized_cut_copper":5,"minecraft:waxed_copper_grate":12,"minecraft:snow":18,"minecraft:andesite":95,"minecraft:chiseled_tuff":1,"minecraft:vine":3,"minecraft:rail":93,"minecraft:waxed_weathered_copper_bulb":1,"minecraft:bone_block":57,"minecraft:ender_chest":8,"minecraft:smithing_table":4,"minecraft:oak_slab":3,"minecraft:glass_pane":11,"minecraft:soul_sand":38,"minecraft:dandelion":10,"minecraft:short_grass":464,"minecraft:purpur_pillar":55,"minecraft:tall_grass":77,"minecraft:copper_ore":2,"minecraft:diorite":96,"minecraft:trapped_chest":2,"minecraft:cobblestone_wall":1,"minecraft:white_carpet":44,"minecraft:spruce_log":963,"minecraft:birch_leaves":6,"minecraft:sunflower":1,"minecraft:gravel":239,"minecraft:cobweb":49,"minecraft:stone_bricks":26,"minecraft:fern":9,"minecraft:waxed_cut_copper_slab":1,"minecraft:spruce_planks":48,"minecraft:farmland":23,"minecraft:cobblestone_stairs":22,"minecraft:sculk_vein":63,"minecraft:brewing_stand":5,"minecraft:grass_block":1420,"minecraft:cracked_polished_blackstone_bricks":12,"minecraft:soul_soil":84,"minecraft:composter":3,"minecraft:tuff_bricks":76,"minecraft:gilded_blackstone":1,"minecraft:smooth_stone":8,"minecraft:raw_iron_block":6,"minecraft:glowstone":1,"minecraft:sculk_catalyst":2,"minecraft:iron_ore":40,"minecraft:polished_tuff":5,"minecraft:anvil":2,"minecraft:dark_oak_stairs":8,"minecraft:skeleton_wall_skull":1,"minecraft:iron_bars":2,"minecraft:polished_tuff_slab":1,"minecraft:azalea":2,"minecraft:end_stone_bricks":7,"minecraft:deepslate_redstone_ore":6,"minecraft:blackstone":187,"minecraft:purpur_stairs":27,"minecraft:clay":10,"minecraft:calcite":12,"minecraft:poppy":3,"minecraft:beacon":2,"minecraft:chest":23,"minecraft:nether_quartz_ore":13,"minecraft:cobblestone":473,"minecraft:oak_planks":415,"minecraft:iron_door":2,"minecraft:wall_torch":19,"minecraft:seagrass":6,"minecraft:dark_oak_slab":13,"minecraft:waxed_oxidized_cut_copper_stairs":1,"minecraft:stripped_oak_wood":2,"minecraft:purpur_block":56,"minecraft:oak_log":318,"minecraft:waxed_oxidized_copper":6,"minecraft:sand":502,"minecraft:dirt":1505,"minecraft:netherrack":2106,"minecraft:ancient_debris":43,"minecraft:oak_leaves":164,"minecraft:emerald_block":18,"minecraft:nether_gold_ore":1,"minecraft:tuff":170,"minecraft:deepslate_diamond_ore":134,"minecraft:ladder":1,"minecraft:decorated_pot":7,"minecraft:spruce_leaves":132,"minecraft:large_fern":2,"minecraft:hay_block":13,"minecraft:deepslate_brick_slab":1,"minecraft:oak_trapdoor":8,"minecraft:carrots":2,"minecraft:polished_basalt":11,"minecraft:stripped_spruce_log":2,"minecraft:gold_block":133,"minecraft:polished_deepslate":2,"minecraft:bookshelf":362,"minecraft:deepslate_iron_ore":159,"minecraft:stripped_oak_log":32,"minecraft:stone":1028,"minecraft:podzol":15,"minecraft:waxed_exposed_copper_bulb":1,"minecraft:magenta_stained_glass":2,"minecraft:infested_stone_bricks":3,"minecraft:basalt":336,"minecraft:oak_fence":35,"minecraft:crafting_table":12,"minecraft:lectern":511,"minecraft:lapis_ore":8,"minecraft:sculk":1565,"minecraft:birch_planks":2,"minecraft:waxed_oxidized_copper_grate":1,"minecraft:sweet_berry_bush":8,"minecraft:white_wall_banner":9,"minecraft:yellow_bed":12,"minecraft:coal_ore":40,"minecraft:end_rod":3,"minecraft:flower_pot":1,"minecraft:gray_carpet":7,"minecraft:cracked_stone_bricks":8,"minecraft:mossy_stone_bricks":15},"minecraft:used":{"minecraft:elytra":1,"minecraft:chest":62,"minecraft:stone":58,"minecraft:soul_sand":11,"minecraft:deepslate_brick_slab":16,"minecraft:snowball":72,"minecraft:spruce_boat":23,"minecraft:lava_bucket":12,"minecraft:netherite_shovel":1183,"minecraft:villager_spawn_egg":74,"minecraft:netherite_boots":2,"minecraft:bow":191,"minecraft:sweet_berries":2,"minecraft:ominous_bottle":10,"minecraft:furnace":10,"minecraft:egg":15,"minecraft:diorite":2,"minecraft:end_stone_bricks":4,"minecraft:chorus_fruit":7,"minecraft:blackstone":16,"minecraft:wooden_pickaxe":17,"minecraft:purpur_pillar":51,"minecraft:oak_leaves":132,"minecraft:cookie":80,"minecraft:golden_apple":1,"minecraft:glow_berries":1,"minecraft:dark_oak_trapdoor":3,"minecraft:purpur_stairs":19,"minecraft:sand":13,"minecraft:blast_furnace":4,"minecraft:deepslate_brick_stairs":1,"minecraft:crying_obsidian":4,"minecraft:birch_slab":1,"minecraft:lectern":553,"minecraft:diamond_sword":1087,"minecraft:smithing_table":4,"minecraft:oak_trapdoor":2,"minecraft:iron_bars":2,"minecraft:enchanting_table":1,"minecraft:trial_key":13,"minecraft:netherrack":1073,"minecraft:torch":193,"minecraft:dragon_egg":2,"minecraft:brewing_stand":3,"minecraft:anvil":8,"minecraft:nether_quartz_ore":1,"minecraft:iron_block":48,"minecraft:totem_of_undying":4,"minecraft:smooth_basalt":12,"minecraft:tripwire_hook":2,"minecraft:basalt":15,"minecraft:glowstone":6,"minecraft:trapped_chest":5,"minecraft:cobbled_deepslate":156,"minecraft:water_bucket":123,"minecraft:fletching_table":52,"minecraft:polished_blackstone_bricks":34,"minecraft:rail":6,"minecraft:oak_slab":47,"minecraft:crafting_table":17,"minecraft:white_bed":26,"minecraft:endermite_spawn_egg":2,"minecraft:spruce_log":17,"minecraft:oak_log":2,"minecraft:ender_eye":11,"minecraft:diamond_pickaxe":4348,"minecraft:ominous_trial_key":7,"minecraft:diamond_shovel":4879,"minecraft:iron_pickaxe":190,"minecraft:purpur_slab":5,"minecraft:spruce_trapdoor":21,"minecraft:spruce_sapling":34,"minecraft:cobblestone":512,"minecraft:potion":14,"minecraft:diamond_leggings":1,"minecraft:polished_deepslate":64,"minecraft:oak_sign":1,"minecraft:diamond_hoe":1732,"minecraft:shield":72,"minecraft:iron_sword":4,"minecraft:bell":1,"minecraft:jungle_planks":31,"minecraft:obsidian":13,"minecraft:honey_bottle":4,"minecraft:hopper_minecart":1,"minecraft:stone_bricks":303,"minecraft:item_frame":6,"minecraft:red_carpet":2,"minecraft:gold_block":132,"minecraft:diamond_boots":1,"minecraft:wither_skeleton_skull":3,"minecraft:stone_pickaxe":3,"minecraft:oak_planks":111,"minecraft:ender_pearl":37,"minecraft:diamond_axe":2444,"minecraft:sugar_cane":29,"minecraft:netherite_leggings":3,"minecraft:crossbow":3,"minecraft:end_stone":71,"minecraft:shears":9,"minecraft:polished_tuff":1,"minecraft:lever":1,"minecraft:firework_rocket":282,"minecraft:mace":36,"minecraft:string":29,"minecraft:bread":93,"minecraft:deepslate":2,"minecraft:gravel":57,"minecraft:andesite":7,"minecraft:smooth_stone_slab":5,"minecraft:air":1,"minecraft:bone_meal":10,"minecraft:oak_fence":89,"minecraft:purpur_block":41,"minecraft:netherite_sword":3120,"minecraft:flint_and_steel":65,"minecraft:spruce_planks":190,"minecraft:ender_chest":8,"minecraft:stone_hoe":57,"minecraft:dirt":2950,"minecraft:white_carpet":163,"minecraft:hopper":24,"minecraft:shulker_box":10,"minecraft:dark_oak_planks":89,"minecraft:bookshelf":32,"minecraft:oak_stairs":10,"minecraft:golden_carrot":15,"minecraft:emerald_block":20,"minecraft:soul_soil":58,"minecraft:netherite_pickaxe":2732,"minecraft:minecart":10,"minecraft:cooked_beef":188,"minecraft:enchanted_golden_apple":1,"minecraft:cobblestone_stairs":2,"minecraft:glass_bottle":4,"minecraft:netherite_chestplate":1,"minecraft:baked_potato":10,"minecraft:iron_golem_spawn_egg":1,"minecraft:spruce_sign":8,"minecraft:beacon":2,"minecraft:cobblestone_slab":2,"minecraft:cracked_polished_blackstone_bricks":4,"minecraft:netherite_axe":768,"minecraft:stone_axe":31,"minecraft:end_crystal":4,"minecraft:white_banner":13,"minecraft:bucket":119,"minecraft:pumpkin_pie":55,"minecraft:yellow_bed":11,"minecraft:pillager_spawn_egg":77},"minecraft:broken":{"minecraft:diamond_helmet":1,"minecraft:iron_helmet":1,"minecraft:netherite_boots":1,"minecraft:flint_and_steel":1},"minecraft:custom":{"minecraft:interact_with_crafting_table":158,"minecraft:open_barrel":2,"minecraft:bell_ring":5,"minecraft:leave_game":33,"minecraft:time_since_death":54376,"minecraft:damage_blocked_by_shield":1897,"minecraft:play_time":1790113,"minecraft:deaths":20,"minecraft:jump":23240,"minecraft:enchant_item":36,"minecraft:interact_with_furnace":64,"minecraft:traded_with_villager":570,"minecraft:interact_with_cartography_table":1,"minecraft:sleep_in_bed":44,"minecraft:damage_dealt":208453,"minecraft:inspect_dispenser":14,"minecraft:interact_with_smithing_table":33,"minecraft:interact_with_anvil":88,"minecraft:inspect_hopper":9,"minecraft:sneak_time":105614,"minecraft:total_world_time":1790113,"minecraft:time_since_rest":54595,"minecraft:swim_one_cm":148118,"minecraft:fly_one_cm":6343243,"minecraft:open_chest":923,"minecraft:fall_one_cm":540930,"minecraft:open_shulker_box":60,"minecraft:damage_resisted":148,"minecraft:sprint_one_cm":2378110,"minecraft:drop":861,"minecraft:talked_to_villager":1004,"minecraft:interact_with_brewingstand":5,"minecraft:walk_on_water_one_cm":463275,"minecraft:open_enderchest":56,"minecraft:interact_with_beacon":5,"minecraft:player_kills":10,"minecraft:crouch_one_cm":305488,"minecraft:mob_kills":7488,"minecraft:climb_one_cm":23950,"minecraft:walk_one_cm":4938434,"minecraft:raid_win":11,"minecraft:walk_under_water_one_cm":130021,"minecraft:boat_one_cm":436722,"minecraft:raid_trigger":8,"minecraft:damage_taken":40788,"minecraft:damage_absorbed":200,"minecraft:trigger_trapped_chest":7,"minecraft:aviate_one_cm":10347050},"minecraft:picked_up":{"minecraft:iron_chestplate":10,"minecraft:flower_pot":2,"minecraft:anvil":3,"minecraft:smithing_table":4,"minecraft:diamond_sword":19,"minecraft:oak_stairs":245,"minecraft:enchanted_book":11,"minecraft:brewing_stand":7,"minecraft:polished_deepslate":2,"minecraft:music_disc_cat":2,"minecraft:string":15940,"minecraft:dark_oak_trapdoor":2,"minecraft:soul_soil":151,"minecraft:diamond_leggings":12,"minecraft:gold_nugget":138,"minecraft:cobbled_deepslate":734,"minecraft:spruce_planks":525,"minecraft:trial_key":13,"minecraft:enchanted_golden_apple":1,"minecraft:golden_helmet":7,"minecraft:composter":5,"minecraft:purpur_pillar":54,"minecraft:waxed_copper_grate":10,"minecraft:stone_sword":6,"minecraft:honey_bottle":5,"minecraft:vex_armor_trim_smithing_template":3,"minecraft:polished_basalt":10,"minecraft:iron_block":36,"minecraft:bookshelf":2,"minecraft:end_rod":3,"minecraft:white_terracotta":61,"minecraft:netherite_chestplate":4,"minecraft:blaze_rod":32,"minecraft:iron_bars":24,"minecraft:snowball":65,"minecraft:magma_block":12,"minecraft:cooked_beef":118,"minecraft:iron_door":2,"minecraft:water_bucket":12,"minecraft:flint":44,"minecraft:netherite_leggings":5,"minecraft:disc_fragment_5":2,"minecraft:guster_banner_pattern":1,"minecraft:diamond_helmet":2,"minecraft:glowstone_dust":6,"minecraft:chiseled_polished_blackstone":1,"minecraft:stripped_spruce_log":2,"minecraft:ink_sac":6,"minecraft:trapped_chest":2,"minecraft:dark_oak_log":17,"minecraft:snout_armor_trim_smithing_template":6,"minecraft:deepslate":42,"minecraft:granite":77,"minecraft:golden_horse_armor":1,"minecraft:bread":231,"minecraft:music_disc_precipice":1,"minecraft:dark_oak_fence":13,"minecraft:bricks":1,"minecraft:ominous_trial_key":14,"minecraft:diamond_pickaxe":14,"minecraft:crafting_table":15,"minecraft:ominous_bottle":8,"minecraft:nether_wart":61,"minecraft:clay_ball":76,"minecraft:music_disc_creator":1,"minecraft:dragon_head":1,"minecraft:purpur_block":45,"minecraft:wind_charge":93,"minecraft:elytra":23,"minecraft:flow_banner_pattern":2,"minecraft:flint_and_steel":2,"minecraft:white_carpet":77,"minecraft:iron_shovel":9,"minecraft:cracked_stone_bricks":11,"minecraft:netherite_sword":7,"minecraft:deepslate_diamond_ore":18,"minecraft:chiseled_tuff":2,"minecraft:poppy":32,"minecraft:minecart":2,"minecraft:chest":32,"minecraft:waxed_oxidized_copper":5,"minecraft:diamond_hoe":8,"minecraft:egg":7,"minecraft:copper_ore":4,"minecraft:stone":257,"minecraft:oak_door":17,"minecraft:mace":3,"minecraft:carrot":8,"minecraft:redstone":109,"minecraft:netherite_pickaxe":5,"minecraft:music_disc_creator_music_box":1,"minecraft:diamond_chestplate":8,"minecraft:waxed_oxidized_cut_copper_stairs":1,"minecraft:shears":4,"minecraft:deepslate_bricks":1,"minecraft:diamond_boots":15,"minecraft:hay_block":13,"minecraft:purpur_slab":19,"minecraft:gold_ingot":19,"minecraft:totem_of_undying":4,"minecraft:tuff_bricks":42,"minecraft:glow_berries":6,"minecraft:mutton":1,"minecraft:white_wool":324,"minecraft:bone_block":132,"minecraft:rail":189,"minecraft:oxeye_daisy":5,"minecraft:stripped_oak_log":32,"minecraft:purpur_stairs":22,"minecraft:oak_log":343,"minecraft:ancient_debris":43,"minecraft:sculk_vein":3,"minecraft:paper":28,"minecraft:white_banner":45,"minecraft:stone_bricks":33,"minecraft:kelp":1,"minecraft:oak_fence_gate":3,"minecraft:magenta_stained_glass":2,"minecraft:glass_bottle":13,"minecraft:iron_sword":2,"minecraft:dark_oak_stairs":9,"minecraft:smooth_basalt":16,"minecraft:dark_oak_slab":13,"minecraft:sweet_berries":2,"minecraft:gravel":329,"minecraft:spruce_sapling":64,"minecraft:spruce_log":969,"minecraft:crying_obsidian":6,"minecraft:polished_tuff":3,"minecraft:dragon_egg":3,"minecraft:firework_rocket":384,"minecraft:diamond_shovel":10,"minecraft:coal_ore":8,"minecraft:stone_axe":2,"minecraft:diamond_axe":8,"minecraft:gray_wool":1,"minecraft:baked_potato":15,"minecraft:hopper":2,"minecraft:ender_pearl":4736,"minecraft:shulker_shell":17,"minecraft:wheat":6,"minecraft:ender_chest":9,"minecraft:potion":23,"minecraft:nether_brick":28,"minecraft:iron_leggings":5,"minecraft:oak_sign":1,"minecraft:smooth_stone":8,"minecraft:bucket":3,"minecraft:eye_armor_trim_smithing_template":4,"minecraft:calcite":9,"minecraft:azalea":2,"minecraft:iron_pickaxe":4,"minecraft:iron_boots":3,"minecraft:blue_wool":2,"minecraft:tipped_arrow":109,"minecraft:stick":391,"minecraft:oak_fence":49,"minecraft:torch":99,"minecraft:porkchop":5,"minecraft:netherite_shovel":4,"minecraft:diorite":214,"minecraft:nether_gold_ore":1,"minecraft:rotten_flesh":309,"minecraft:deepslate_brick_stairs":2,"minecraft:obsidian":20,"minecraft:blaze_powder":37,"minecraft:cobblestone":1518,"minecraft:magma_cream":2,"minecraft:andesite":64,"minecraft:beacon":2,"minecraft:potato":27,"minecraft:tuff":209,"minecraft:wither_skeleton_skull":2,"minecraft:lapis_lazuli":315,"minecraft:dirt":3267,"minecraft:glass":4,"minecraft:bone":382,"minecraft:bow":57,"minecraft:wheat_seeds":185,"minecraft:raw_gold":3,"minecraft:bolt_armor_trim_smithing_template":1,"minecraft:netherite_axe":4,"minecraft:mossy_stone_bricks":20,"minecraft:fletching_table":45,"minecraft:scrape_pottery_sherd":1,"minecraft:oak_planks":432,"minecraft:stone_hoe":1,"minecraft:waxed_oxidized_copper_trapdoor":2,"minecraft:sand":339,"minecraft:jungle_planks":2,"minecraft:spectral_arrow":42,"minecraft:shulker_box":8,"minecraft:mossy_cobblestone":63,"minecraft:sugar":6,"minecraft:diamond":217,"minecraft:spruce_boat":18,"minecraft:netherite_helmet":4,"minecraft:cracked_polished_blackstone_bricks":12,"minecraft:crossbow":19,"minecraft:breeze_rod":198,"minecraft:bone_meal":246,"minecraft:golden_apple":3,"minecraft:spruce_sign":1,"minecraft:emerald":315,"minecraft:netherrack":2118,"minecraft:oak_sapling":11,"minecraft:chorus_fruit":103,"minecraft:nether_star":1,"minecraft:end_stone_bricks":6,"minecraft:waxed_oxidized_cut_copper":4,"minecraft:ladder":10,"minecraft:brown_mushroom":20,"minecraft:wooden_pickaxe":1,"minecraft:gold_block":130,"minecraft:brick":27,"minecraft:shield":21,"minecraft:dragon_breath":2,"minecraft:oak_trapdoor":16,"minecraft:iron_axe":7,"minecraft:item_frame":6,"minecraft:blackstone":188,"minecraft:oak_boat":3,"minecraft:lectern":511,"minecraft:sugar_cane":186,"minecraft:raw_iron":403,"minecraft:end_stone":340,"minecraft:polished_blackstone_bricks":40,"minecraft:cookie":65,"minecraft:dark_oak_planks":142,"minecraft:arrow":3132,"minecraft:pumpkin_pie":265,"minecraft:nether_bricks":50,"minecraft:saddle":18,"minecraft:glistering_melon_slice":28,"minecraft:skeleton_skull":1,"minecraft:netherite_boots":4,"minecraft:basalt":483,"minecraft:golden_carrot":21,"minecraft:leather":3,"minecraft:birch_planks":2,"minecraft:waxed_copper_block":4,"minecraft:gunpowder":60,"minecraft:yellow_bed":11,"minecraft:cobblestone_wall":1,"minecraft:cobblestone_stairs":28,"minecraft:red_carpet":111,"minecraft:gray_carpet":6,"minecraft:iron_ingot":126,"minecraft:cooked_chicken":3,"minecraft:stripped_oak_wood":1,"minecraft:soul_sand":69,"minecraft:sculk_catalyst":2,"minecraft:book":2174,"minecraft:oak_slab":3,"minecraft:nether_quartz_ore":1,"minecraft:emerald_block":19,"minecraft:heavy_core":2,"minecraft:dandelion":12,"minecraft:raw_iron_block":6,"minecraft:amethyst_shard":14,"minecraft:soul_torch":1,"minecraft:blast_furnace":4,"minecraft:white_bed":3,"minecraft:spider_eye":28,"minecraft:iron_helmet":4,"minecraft:mossy_cobblestone_stairs":1,"minecraft:chiseled_tuff_bricks":19,"minecraft:coal":117},"minecraft:killed_by":{"minecraft:vindicator":4,"minecraft:vex":2,"minecraft:ender_dragon":3,"minecraft:warden":1,"minecraft:player":3,"minecraft:enderman":1},"minecraft:killed":{"minecraft:cave_spider":3,"minecraft:shulker":30,"minecraft:skeleton":146,"minecraft:iron_golem":8,"minecraft:ender_dragon":2,"minecraft:pillager":161,"minecraft:zombie":147,"minecraft:evoker":2,"minecraft:vindicator":41,"minecraft:ravager":17,"minecraft:breeze":22,"minecraft:enderman":6629,"minecraft:witch":3,"minecraft:spider":40,"minecraft:wither":1,"minecraft:silverfish":5,"minecraft:piglin":1,"minecraft:pig":1,"minecraft:zombie_villager":2,"minecraft:creeper":20,"minecraft:stray":2,"minecraft:blaze":27,"minecraft:vex":3,"minecraft:drowned":5,"minecraft:hoglin":2,"minecraft:squid":1,"minecraft:wither_skeleton":44,"minecraft:villager":38},"minecraft:dropped":{"minecraft:iron_sword":1,"minecraft:porkchop":2,"minecraft:ominous_bottle":2,"minecraft:cooked_beef":27,"minecraft:glass_bottle":6,"minecraft:diamond":28,"minecraft:crafting_table":1,"minecraft:crossbow":2,"minecraft:cracked_stone_bricks":9,"minecraft:saddle":2,"minecraft:elytra":9,"minecraft:rail":1,"minecraft:dragon_breath":3,"minecraft:music_disc_creator_music_box":1,"minecraft:red_carpet":64,"minecraft:emerald":56,"minecraft:dirt":270,"minecraft:scrape_pottery_sherd":1,"minecraft:snout_armor_trim_smithing_template":1,"minecraft:bone_meal":60,"minecraft:sand":99,"minecraft:iron_pickaxe":5,"minecraft:dark_oak_planks":61,"minecraft:bone":109,"minecraft:oak_door":1,"minecraft:stone_axe":2,"minecraft:sugar_cane":12,"minecraft:cooked_chicken":1,"minecraft:cobbled_deepslate":69,"minecraft:netherite_sword":1,"minecraft:wheat":2,"minecraft:obsidian":4,"minecraft:blue_wool":2,"minecraft:rotten_flesh":190,"minecraft:oak_planks":47,"minecraft:end_stone":33,"minecraft:waxed_copper_block":4,"minecraft:wind_charge":36,"minecraft:tipped_arrow":3,"minecraft:hopper":1,"minecraft:chiseled_tuff":2,"minecraft:crying_obsidian":2,"minecraft:lectern":1,"minecraft:egg":4,"minecraft:enchanted_book":1,"minecraft:iron_ingot":12,"minecraft:netherite_pickaxe":1,"minecraft:wheat_seeds":34,"minecraft:waxed_oxidized_cut_copper_stairs":1,"minecraft:deepslate_diamond_ore":11,"minecraft:oak_fence":17,"minecraft:purpur_slab":1,"minecraft:iron_helmet":1,"minecraft:cobblestone":113,"minecraft:book":11,"minecraft:waxed_copper_grate":8,"minecraft:granite":43,"minecraft:coal":27,"minecraft:oxeye_daisy":1,"minecraft:lava_bucket":2,"minecraft:golden_carrot":8,"minecraft:wooden_axe":3,"minecraft:potion":3,"minecraft:oak_stairs":3,"minecraft:iron_shovel":3,"minecraft:string":77,"minecraft:spruce_sapling":19,"minecraft:purpur_pillar":1,"minecraft:soul_soil":35,"minecraft:soul_torch":1,"minecraft:smooth_stone_slab":1,"minecraft:bamboo_hanging_sign":2,"minecraft:deepslate":16,"minecraft:diamond_hoe":3,"minecraft:experience_bottle":2,"minecraft:white_carpet":23,"minecraft:iron_boots":2,"minecraft:name_tag":1,"minecraft:white_terracotta":31,"minecraft:diamond_sword":5,"minecraft:stone":91,"minecraft:flower_pot":1,"minecraft:spruce_trapdoor":1,"minecraft:spruce_planks":63,"minecraft:diamond_pickaxe":3,"minecraft:spider_eye":19,"minecraft:stone_bricks":18,"minecraft:bow":21,"minecraft:vex_armor_trim_smithing_template":2,"minecraft:waxed_oxidized_copper_trapdoor":2,"minecraft:soul_sand":25,"minecraft:brown_mushroom":1,"minecraft:diamond_axe":2,"minecraft:ender_pearl":2635,"minecraft:jungle_planks":3,"minecraft:flint":6,"minecraft:cobblestone_stairs":2,"minecraft:music_disc_precipice":1,"minecraft:snowball":1,"minecraft:pumpkin_pie":50,"minecraft:polished_blackstone_bricks":4,"minecraft:gold_ingot":4,"minecraft:gravel":97,"minecraft:purpur_block":2,"minecraft:blackstone":32,"minecraft:chiseled_tuff_bricks":5,"minecraft:diamond_shovel":3,"minecraft:honey_bottle":1,"minecraft:shulker_shell":1,"minecraft:poppy":10,"minecraft:oak_fence_gate":3,"minecraft:gunpowder":5,"minecraft:chest":2,"minecraft:iron_bars":2,"minecraft:spire_armor_trim_smithing_template":1,"minecraft:basalt":39,"minecraft:arrow":87,"minecraft:netherrack":194,"minecraft:enchanting_table":1,"minecraft:firework_rocket":115,"minecraft:water_bucket":3,"minecraft:bread":61,"minecraft:oak_slab":2,"minecraft:golden_helmet":1,"minecraft:mossy_cobblestone":25,"minecraft:smithing_table":1,"minecraft:minecart":1,"minecraft:bookshelf":64,"minecraft:diamond_leggings":5,"minecraft:sculk_vein":2,"minecraft:spectral_arrow":28,"minecraft:polished_tuff":2,"minecraft:hopper_minecart":1,"minecraft:ominous_trial_key":1,"minecraft:stick":69,"minecraft:deepslate_brick_stairs":1,"minecraft:diorite":47,"minecraft:torch":1,"minecraft:iron_door":2,"minecraft:waxed_oxidized_copper":5,"minecraft:iron_leggings":9,"minecraft:iron_axe":3,"minecraft:bucket":1,"minecraft:dandelion":1,"minecraft:smooth_basalt":4,"minecraft:anvil":1,"minecraft:kelp":1,"minecraft:tuff_bricks":42,"minecraft:tuff":64,"minecraft:raw_iron":166,"minecraft:flint_and_steel":1,"minecraft:deepslate_bricks":1,"minecraft:copper_ore":2,"minecraft:shield":6,"minecraft:diamond_chestplate":5,"minecraft:iron_chestplate":4,"minecraft:andesite":39,"minecraft:mossy_stone_bricks":20,"minecraft:oak_sapling":6,"minecraft:waxed_oxidized_cut_copper":4,"minecraft:diamond_boots":3,"minecraft:spruce_log":2,"minecraft:stone_pickaxe":1,"minecraft:wooden_pickaxe":1,"minecraft:raw_gold":3,"minecraft:calcite":9,"minecraft:brick":27},"minecraft:crafted":{"minecraft:blaze_powder":64,"minecraft:lever":1,"minecraft:diamond_shovel":2,"minecraft:bookshelf":17,"minecraft:shulker_box":2,"minecraft:mace":1,"minecraft:glass":32,"minecraft:diamond_helmet":2,"minecraft:diamond_leggings":2,"minecraft:netherite_boots":5,"minecraft:beacon":1,"minecraft:emerald":497,"minecraft:diamond_axe":4,"minecraft:fletching_table":9,"minecraft:lectern":1,"minecraft:iron_pickaxe":4,"minecraft:iron_block":30,"minecraft:gold_ingot":262,"minecraft:netherite_ingot":9,"minecraft:diamond_hoe":1,"minecraft:bone_meal":267,"minecraft:netherite_axe":1,"minecraft:ender_pearl":11,"minecraft:stone_pickaxe":1,"minecraft:diamond_boots":5,"minecraft:eye_armor_trim_smithing_template":4,"minecraft:spruce_boat":7,"minecraft:dark_oak_planks":68,"minecraft:wheat":117,"minecraft:crossbow":5,"minecraft:netherite_pickaxe":1,"minecraft:glowstone":6,"minecraft:enchanted_book":22,"minecraft:white_bed":32,"minecraft:oak_planks":1452,"minecraft:cobblestone_slab":6,"minecraft:bow":14,"minecraft:chest":39,"minecraft:netherite_helmet":4,"minecraft:netherite_upgrade_smithing_template":16,"minecraft:stone_hoe":1,"minecraft:ender_eye":25,"minecraft:oak_slab":6,"minecraft:arrow":240,"minecraft:crafting_table":7,"minecraft:spruce_planks":3864,"minecraft:wooden_pickaxe":1,"minecraft:gold_block":31,"minecraft:iron_chestplate":1,"minecraft:paper":105,"minecraft:emerald_block":7,"minecraft:diamond_pickaxe":2,"minecraft:stick":9488,"minecraft:iron_ingot":341,"minecraft:shears":1,"minecraft:cookie":144,"minecraft:raw_iron":54,"minecraft:tripwire_hook":2,"minecraft:netherite_sword":1,"minecraft:furnace":10,"minecraft:dark_oak_trapdoor":2,"minecraft:oak_trapdoor":2,"minecraft:flint_and_steel":1,"minecraft:netherite_chestplate":3,"minecraft:netherite_leggings":2,"minecraft:polished_deepslate":64,"minecraft:netherite_scrap":37,"minecraft:glistering_melon_slice":21,"minecraft:diamond_sword":1,"minecraft:spruce_sign":12,"minecraft:bell":1,"minecraft:bucket":4,"minecraft:stone_axe":13,"minecraft:air":0,"minecraft:bread":81,"minecraft:white_wool":135,"minecraft:netherite_shovel":1,"minecraft:anvil":3,"minecraft:pumpkin_pie":48,"minecraft:torch":92,"minecraft:end_crystal":4,"minecraft:diamond_chestplate":3,"minecraft:firework_rocket":132}},"DataVersion":3955}