{"stats":{"minecraft:crafted":{"minecraft:oak_planks":1340,"minecraft:blaze_powder":14,"minecraft:lever":1,"minecraft:diamond_shovel":2,"minecraft:bookshelf":14,"minecraft:diamond_helmet":1,"minecraft:diamond_leggings":2,"minecraft:bow":14,"minecraft:chest":25,"minecraft:stone_hoe":1,"minecraft:ender_eye":11,"minecraft:oak_slab":6,"minecraft:arrow":240,"minecraft:emerald":188,"minecraft:diamond_axe":2,"minecraft:crafting_table":5,"minecraft:spruce_planks":1148,"minecraft:wooden_pickaxe":1,"minecraft:fletching_table":2,"minecraft:lectern":1,"minecraft:iron_chestplate":1,"minecraft:diamond_pickaxe":2,"minecraft:stick":4280,"minecraft:iron_ingot":75,"minecraft:iron_pickaxe":1,"minecraft:iron_block":7,"minecraft:gold_ingot":82,"minecraft:shears":1,"minecraft:cookie":72,"minecraft:raw_iron":45,"minecraft:tripwire_hook":2,"minecraft:furnace":3,"minecraft:bone_meal":249,"minecraft:oak_trapdoor":2,"minecraft:flint_and_steel":1,"minecraft:ender_pearl":11,"minecraft:stone_pickaxe":1,"minecraft:diamond_boots":2,"minecraft:spruce_boat":1,"minecraft:wheat":117,"minecraft:crossbow":5,"minecraft:diamond_sword":1,"minecraft:bucket":2,"minecraft:stone_axe":1,"minecraft:glowstone":6,"minecraft:enchanted_book":4,"minecraft:air":0,"minecraft:bread":81,"minecraft:white_wool":7,"minecraft:anvil":2,"minecraft:torch":76,"minecraft:diamond_chestplate":1},"minecraft:used":{"minecraft:shield":6,"minecraft:chest":34,"minecraft:iron_sword":4,"minecraft:soul_sand":7,"minecraft:snowball":49,"minecraft:obsidian":10,"minecraft:spruce_boat":17,"minecraft:bow":65,"minecraft:furnace":3,"minecraft:diamond_boots":1,"minecraft:stone_pickaxe":3,"minecraft:oak_planks":96,"minecraft:ender_pearl":2,"minecraft:wooden_pickaxe":17,"minecraft:diamond_axe":1566,"minecraft:sugar_cane":12,"minecraft:golden_apple":1,"minecraft:cookie":9,"minecraft:sand":2,"minecraft:blast_furnace":1,"minecraft:shears":8,"minecraft:lever":1,"minecraft:crying_obsidian":4,"minecraft:bread":83,"minecraft:string":27,"minecraft:lectern":181,"minecraft:gravel":45,"minecraft:diamond_sword":463,"minecraft:bone_meal":3,"minecraft:oak_trapdoor":2,"minecraft:flint_and_steel":1,"minecraft:spruce_planks":139,"minecraft:stone_hoe":57,"minecraft:netherrack":456,"minecraft:torch":104,"minecraft:dirt":751,"minecraft:anvil":2,"minecraft:bookshelf":13,"minecraft:smooth_basalt":12,"minecraft:basalt":15,"minecraft:tripwire_hook":2,"minecraft:glowstone":6,"minecraft:golden_carrot":9,"minecraft:soul_soil":57,"minecraft:cobbled_deepslate":101,"minecraft:water_bucket":29,"minecraft:fletching_table":3,"minecraft:polished_blackstone_bricks":23,"minecraft:crafting_table":15,"minecraft:white_bed":1,"minecraft:oak_log":2,"minecraft:ender_eye":11,"minecraft:diamond_pickaxe":2309,"minecraft:diamond_shovel":2527,"minecraft:cracked_polished_blackstone_bricks":4,"minecraft:iron_pickaxe":190,"minecraft:spruce_sapling":22,"minecraft:stone_axe":31,"minecraft:cobblestone":341,"minecraft:bucket":31,"minecraft:yellow_bed":4},"minecraft:custom":{"minecraft:interact_with_crafting_table":74,"minecraft:leave_game":6,"minecraft:time_since_death":7596,"minecraft:sprint_one_cm":720633,"minecraft:damage_blocked_by_shield":180,"minecraft:drop":233,"minecraft:talked_to_villager":279,"minecraft:play_time":488886,"minecraft:deaths":4,"minecraft:jump":7825,"minecraft:walk_on_water_one_cm":130782,"minecraft:interact_with_furnace":22,"minecraft:traded_with_villager":254,"minecraft:sleep_in_bed":20,"minecraft:damage_dealt":17304,"minecraft:crouch_one_cm":57049,"minecraft:mob_kills":93,"minecraft:interact_with_anvil":9,"minecraft:climb_one_cm":6196,"minecraft:walk_one_cm":1524963,"minecraft:sneak_time":19590,"minecraft:walk_under_water_one_cm":24849,"minecraft:boat_one_cm":398119,"minecraft:total_world_time":488886,"minecraft:time_since_rest":7626,"minecraft:damage_absorbed":40,"minecraft:damage_taken":9437,"minecraft:swim_one_cm":38942,"minecraft:fly_one_cm":1663056,"minecraft:open_chest":191,"minecraft:fall_one_cm":145922},"minecraft:broken":{"minecraft:diamond_helmet":1},"minecraft:dropped":{"minecraft:soul_sand":25,"minecraft:porkchop":2,"minecraft:diamond":16,"minecraft:crafting_table":1,"minecraft:cracked_stone_bricks":8,"minecraft:flint":3,"minecraft:dirt":61,"minecraft:snowball":1,"minecraft:bone_meal":60,"minecraft:sand":99,"minecraft:polished_blackstone_bricks":4,"minecraft:iron_pickaxe":1,"minecraft:gold_ingot":4,"minecraft:oak_door":1,"minecraft:gravel":49,"minecraft:stone_axe":1,"minecraft:cobbled_deepslate":66,"minecraft:wheat":2,"minecraft:obsidian":4,"minecraft:rotten_flesh":8,"minecraft:oak_planks":10,"minecraft:poppy":7,"minecraft:oak_fence_gate":3,"minecraft:crying_obsidian":2,"minecraft:netherrack":107,"minecraft:egg":2,"minecraft:water_bucket":1,"minecraft:bread":61,"minecraft:oak_slab":2,"minecraft:wheat_seeds":23,"minecraft:mossy_cobblestone":24,"minecraft:oak_fence":17,"minecraft:cobblestone":95,"minecraft:granite":6,"minecraft:stick":31,"minecraft:oxeye_daisy":1,"minecraft:lava_bucket":1,"minecraft:golden_carrot":4,"minecraft:iron_door":2,"minecraft:oak_stairs":3,"minecraft:string":30,"minecraft:bucket":1,"minecraft:spruce_sapling":16,"minecraft:dandelion":1,"minecraft:smooth_basalt":1,"minecraft:kelp":1,"minecraft:soul_soil":2,"minecraft:tuff":64,"minecraft:raw_iron":165,"minecraft:white_terracotta":31,"minecraft:spruce_planks":61,"minecraft:andesite":30,"minecraft:mossy_stone_bricks":19,"minecraft:oak_sapling":6,"minecraft:stone_bricks":17,"minecraft:spruce_log":2,"minecraft:bow":12,"minecraft:stone_pickaxe":1,"minecraft:wooden_pickaxe":1,"minecraft:calcite":9},"minecraft:killed_by":{"minecraft:enderman":1,"minecraft:ender_dragon":2},"minecraft:killed":{"minecraft:cave_spider":3,"minecraft:spider":11,"minecraft:skeleton":11,"minecraft:silverfish":2,"minecraft:iron_golem":4,"minecraft:creeper":3,"minecraft:zombie":27,"minecraft:stray":2,"minecraft:blaze":14,"minecraft:drowned":2,"minecraft:hoglin":2,"minecraft:wither_skeleton":7,"minecraft:enderman":4},"minecraft:picked_up":{"minecraft:iron_chestplate":4,"minecraft:wheat":4,"minecraft:smithing_table":1,"minecraft:diamond_sword":7,"minecraft:oak_stairs":12,"minecraft:nether_brick":22,"minecraft:brewing_stand":1,"minecraft:string":15551,"minecraft:soul_soil":107,"minecraft:diamond_leggings":3,"minecraft:gold_nugget":108,"minecraft:cobbled_deepslate":231,"minecraft:bucket":1,"minecraft:spruce_planks":410,"minecraft:calcite":9,"minecraft:azalea":2,"minecraft:iron_boots":1,"minecraft:tipped_arrow":1,"minecraft:golden_helmet":4,"minecraft:stick":83,"minecraft:composter":3,"minecraft:oak_fence":29,"minecraft:torch":47,"minecraft:porkchop":2,"minecraft:diorite":130,"minecraft:stone_sword":1,"minecraft:rotten_flesh":21,"minecraft:white_terracotta":31,"minecraft:blaze_rod":7,"minecraft:obsidian":14,"minecraft:iron_bars":6,"minecraft:snowball":50,"minecraft:cobblestone":768,"minecraft:water_bucket":4,"minecraft:iron_door":2,"minecraft:andesite":48,"minecraft:potato":15,"minecraft:flint":13,"minecraft:tuff":140,"minecraft:lapis_lazuli":38,"minecraft:dirt":1005,"minecraft:bone":4,"minecraft:bow":28,"minecraft:wheat_seeds":106,"minecraft:mossy_stone_bricks":19,"minecraft:fletching_table":1,"minecraft:oak_planks":315,"minecraft:chiseled_polished_blackstone":1,"minecraft:sand":170,"minecraft:stripped_spruce_log":1,"minecraft:mossy_cobblestone":28,"minecraft:snout_armor_trim_smithing_template":4,"minecraft:diamond":109,"minecraft:spruce_boat":17,"minecraft:cracked_polished_blackstone_bricks":7,"minecraft:granite":10,"minecraft:bone_meal":30,"minecraft:golden_apple":2,"minecraft:emerald":136,"minecraft:bread":205,"minecraft:oak_sapling":11,"minecraft:netherrack":624,"minecraft:diamond_pickaxe":4,"minecraft:crafting_table":12,"minecraft:clay_ball":4,"minecraft:brown_mushroom":11,"minecraft:gold_block":10,"minecraft:shield":5,"minecraft:iron_axe":1,"minecraft:iron_shovel":5,"minecraft:blackstone":64,"minecraft:cracked_stone_bricks":10,"minecraft:oak_boat":1,"minecraft:poppy":13,"minecraft:lectern":180,"minecraft:sugar_cane":16,"minecraft:chest":12,"minecraft:egg":3,"minecraft:raw_iron":243,"minecraft:end_stone":125,"minecraft:oak_door":2,"minecraft:polished_blackstone_bricks":29,"minecraft:carrot":8,"minecraft:arrow":1545,"minecraft:pumpkin_pie":137,"minecraft:shears":2,"minecraft:diamond_boots":4,"minecraft:hay_block":13,"minecraft:gold_ingot":12,"minecraft:rail":93,"minecraft:bone_block":57,"minecraft:oxeye_daisy":1,"minecraft:stripped_oak_log":32,"minecraft:basalt":213,"minecraft:golden_carrot":8,"minecraft:leather":3,"minecraft:oak_log":304,"minecraft:yellow_bed":4,"minecraft:gunpowder":1,"minecraft:cobblestone_stairs":4,"minecraft:stone_bricks":18,"minecraft:kelp":1,"minecraft:oak_fence_gate":3,"minecraft:iron_ingot":18,"minecraft:stripped_oak_wood":1,"minecraft:iron_sword":1,"minecraft:soul_sand":46,"minecraft:book":1225,"minecraft:smooth_basalt":13,"minecraft:dandelion":1,"minecraft:raw_iron_block":5,"minecraft:gravel":161,"minecraft:spruce_sapling":39,"minecraft:blast_furnace":1,"minecraft:white_bed":1,"minecraft:spruce_log":274,"minecraft:crying_obsidian":6,"minecraft:spider_eye":5,"minecraft:diamond_shovel":4,"minecraft:iron_helmet":1,"minecraft:diamond_axe":4,"minecraft:coal":38,"minecraft:ender_pearl":5},"minecraft:mined":{"minecraft:spruce_planks":39,"minecraft:white_bed":1,"minecraft:farmland":21,"minecraft:cobblestone_stairs":4,"minecraft:brewing_stand":1,"minecraft:obsidian":15,"minecraft:granite":16,"minecraft:grass_block":573,"minecraft:cracked_polished_blackstone_bricks":6,"minecraft:soul_soil":38,"minecraft:composter":3,"minecraft:oxeye_daisy":1,"minecraft:gilded_blackstone":1,"minecraft:spawner":3,"minecraft:polished_blackstone_bricks":30,"minecraft:tall_seagrass":1,"minecraft:raw_iron_block":5,"minecraft:cobbled_deepslate":1,"minecraft:iron_ore":40,"minecraft:fire":29,"minecraft:fletching_table":1,"minecraft:cave_vines":1,"minecraft:dirt_path":286,"minecraft:iron_bars":2,"minecraft:oak_stairs":5,"minecraft:azalea":2,"minecraft:tripwire":11,"minecraft:deepslate_redstone_ore":5,"minecraft:brown_mushroom":7,"minecraft:blackstone":100,"minecraft:crimson_nylium":1,"minecraft:soul_fire":7,"minecraft:clay":1,"minecraft:torch":8,"minecraft:blast_furnace":1,"minecraft:calcite":9,"minecraft:poppy":2,"minecraft:chest":9,"minecraft:nether_quartz_ore":9,"minecraft:cobblestone":81,"minecraft:sugar_cane":6,"minecraft:oak_planks":306,"minecraft:iron_door":2,"minecraft:wall_torch":11,"minecraft:seagrass":3,"minecraft:white_terracotta":31,"minecraft:wheat":8,"minecraft:stripped_oak_wood":2,"minecraft:oak_log":281,"minecraft:oak_fence_gate":3,"minecraft:sand":300,"minecraft:dirt":125,"minecraft:smooth_basalt":13,"minecraft:netherrack":423,"minecraft:oak_leaves":133,"minecraft:deepslate":364,"minecraft:tuff":120,"minecraft:mossy_cobblestone":8,"minecraft:deepslate_diamond_ore":79,"minecraft:end_stone":25,"minecraft:crimson_roots":2,"minecraft:spruce_leaves":51,"minecraft:large_fern":2,"minecraft:hay_block":13,"minecraft:carrots":2,"minecraft:andesite":76,"minecraft:stripped_spruce_log":1,"minecraft:gold_block":11,"minecraft:bookshelf":358,"minecraft:deepslate_iron_ore":86,"minecraft:vine":1,"minecraft:rail":93,"minecraft:stripped_oak_log":32,"minecraft:stone":547,"minecraft:bone_block":56,"minecraft:podzol":6,"minecraft:smithing_table":1,"minecraft:glass_pane":4,"minecraft:soul_sand":22,"minecraft:infested_stone_bricks":3,"minecraft:basalt":66,"minecraft:dandelion":4,"minecraft:oak_fence":29,"minecraft:crafting_table":11,"minecraft:short_grass":324,"minecraft:lectern":180,"minecraft:tall_grass":44,"minecraft:lapis_ore":8,"minecraft:diorite":65,"minecraft:sweet_berry_bush":8,"minecraft:spruce_log":264,"minecraft:yellow_bed":4,"minecraft:coal_ore":35,"minecraft:sunflower":1,"minecraft:gravel":138,"minecraft:cobweb":36,"minecraft:cracked_stone_bricks":8,"minecraft:stone_bricks":11,"minecraft:mossy_stone_bricks":14,"minecraft:fern":8}},"DataVersion":3955}