{"stats":{"minecraft:custom":{"minecraft:interact_with_anvil":8,"minecraft:mob_kills":52,"minecraft:interact_with_crafting_table":60,"minecraft:leave_game":6,"minecraft:time_since_death":321209,"minecraft:climb_one_cm":6108,"minecraft:sprint_one_cm":465193,"minecraft:walk_one_cm":1058877,"minecraft:drop":131,"minecraft:talked_to_villager":163,"minecraft:play_time":321209,"minecraft:sneak_time":6225,"minecraft:walk_under_water_one_cm":16319,"minecraft:boat_one_cm":379680,"minecraft:jump":4562,"minecraft:walk_on_water_one_cm":106562,"minecraft:total_world_time":321209,"minecraft:interact_with_furnace":13,"minecraft:traded_with_villager":217,"minecraft:sleep_in_bed":14,"minecraft:time_since_rest":7640,"minecraft:damage_taken":1712,"minecraft:damage_dealt":9785,"minecraft:swim_one_cm":22816,"minecraft:fly_one_cm":902197,"minecraft:open_chest":139,"minecraft:crouch_one_cm":13324,"minecraft:fall_one_cm":78787},"minecraft:picked_up":{"minecraft:crafting_table":9,"minecraft:wheat":2,"minecraft:clay_ball":4,"minecraft:smithing_table":1,"minecraft:oak_stairs":3,"minecraft:brewing_stand":1,"minecraft:shield":1,"minecraft:string":15008,"minecraft:iron_axe":1,"minecraft:iron_shovel":1,"minecraft:cracked_stone_bricks":10,"minecraft:cobbled_deepslate":147,"minecraft:bucket":1,"minecraft:spruce_planks":8,"minecraft:oak_boat":1,"minecraft:calcite":9,"minecraft:azalea":2,"minecraft:poppy":7,"minecraft:lectern":76,"minecraft:sugar_cane":16,"minecraft:chest":9,"minecraft:iron_boots":1,"minecraft:egg":3,"minecraft:golden_helmet":1,"minecraft:tipped_arrow":1,"minecraft:stick":45,"minecraft:raw_iron":237,"minecraft:oak_door":1,"minecraft:composter":3,"minecraft:oak_fence":29,"minecraft:torch":40,"minecraft:diorite":30,"minecraft:carrot":8,"minecraft:arrow":148,"minecraft:rotten_flesh":14,"minecraft:shears":2,"minecraft:hay_block":13,"minecraft:white_terracotta":31,"minecraft:obsidian":4,"minecraft:snowball":50,"minecraft:rail":93,"minecraft:cobblestone":497,"minecraft:oxeye_daisy":1,"minecraft:stripped_oak_log":32,"minecraft:iron_door":2,"minecraft:water_bucket":1,"minecraft:andesite":18,"minecraft:potato":15,"minecraft:flint":10,"minecraft:tuff":64,"minecraft:oak_log":303,"minecraft:yellow_bed":2,"minecraft:gunpowder":1,"minecraft:cobblestone_stairs":4,"minecraft:lapis_lazuli":38,"minecraft:dirt":965,"minecraft:bone":2,"minecraft:stone_bricks":18,"minecraft:kelp":1,"minecraft:bow":21,"minecraft:wheat_seeds":66,"minecraft:iron_ingot":16,"minecraft:oak_fence_gate":3,"minecraft:stripped_oak_wood":1,"minecraft:mossy_stone_bricks":19,"minecraft:fletching_table":1,"minecraft:oak_planks":267,"minecraft:book":1161,"minecraft:smooth_basalt":13,"minecraft:dandelion":1,"minecraft:raw_iron_block":5,"minecraft:gravel":97,"minecraft:sand":170,"minecraft:stripped_spruce_log":1,"minecraft:spruce_sapling":38,"minecraft:blast_furnace":1,"minecraft:spruce_log":199,"minecraft:spider_eye":2,"minecraft:mossy_cobblestone":24,"minecraft:diamond":81,"minecraft:spruce_boat":11,"minecraft:granite":10,"minecraft:bone_meal":30,"minecraft:golden_apple":1,"minecraft:bread":55,"minecraft:emerald":59,"minecraft:oak_sapling":11,"minecraft:coal":28},"minecraft:dropped":{"minecraft:water_bucket":1,"minecraft:bread":7,"minecraft:oak_slab":2,"minecraft:wheat_seeds":23,"minecraft:mossy_cobblestone":20,"minecraft:diamond":16,"minecraft:crafting_table":1,"minecraft:oak_fence":17,"minecraft:cobblestone":94,"minecraft:granite":6,"minecraft:cracked_stone_bricks":8,"minecraft:flint":3,"minecraft:stick":31,"minecraft:oxeye_daisy":1,"minecraft:dirt":45,"minecraft:iron_door":2,"minecraft:oak_stairs":3,"minecraft:bone_meal":60,"minecraft:sand":99,"minecraft:iron_pickaxe":1,"minecraft:string":19,"minecraft:bucket":1,"minecraft:spruce_sapling":16,"minecraft:dandelion":1,"minecraft:smooth_basalt":1,"minecraft:oak_door":1,"minecraft:gravel":34,"minecraft:stone_axe":1,"minecraft:kelp":1,"minecraft:cobbled_deepslate":66,"minecraft:tuff":64,"minecraft:obsidian":4,"minecraft:raw_iron":165,"minecraft:rotten_flesh":2,"minecraft:oak_planks":1,"minecraft:white_terracotta":31,"minecraft:poppy":7,"minecraft:oak_fence_gate":3,"minecraft:spruce_planks":4,"minecraft:mossy_stone_bricks":19,"minecraft:oak_sapling":6,"minecraft:stone_bricks":17,"minecraft:bow":10,"minecraft:stone_pickaxe":1,"minecraft:wooden_pickaxe":1,"minecraft:calcite":9,"minecraft:egg":2},"minecraft:mined":{"minecraft:tuff":101,"minecraft:spruce_planks":4,"minecraft:farmland":21,"minecraft:mossy_cobblestone":7,"minecraft:deepslate_diamond_ore":51,"minecraft:cobblestone_stairs":4,"minecraft:brewing_stand":1,"minecraft:obsidian":4,"minecraft:granite":16,"minecraft:grass_block":562,"minecraft:spruce_leaves":51,"minecraft:composter":3,"minecraft:oxeye_daisy":1,"minecraft:spawner":2,"minecraft:large_fern":2,"minecraft:hay_block":13,"minecraft:tall_seagrass":1,"minecraft:raw_iron_block":5,"minecraft:carrots":2,"minecraft:iron_ore":34,"minecraft:andesite":46,"minecraft:stripped_spruce_log":1,"minecraft:fletching_table":1,"minecraft:bookshelf":358,"minecraft:dirt_path":286,"minecraft:vine":1,"minecraft:cave_vines":1,"minecraft:deepslate_iron_ore":86,"minecraft:rail":93,"minecraft:oak_stairs":3,"minecraft:stripped_oak_log":32,"minecraft:azalea":2,"minecraft:stone":433,"minecraft:tripwire":11,"minecraft:smithing_table":1,"minecraft:podzol":5,"minecraft:deepslate_redstone_ore":5,"minecraft:glass_pane":3,"minecraft:infested_stone_bricks":3,"minecraft:dandelion":4,"minecraft:clay":1,"minecraft:oak_fence":29,"minecraft:crafting_table":8,"minecraft:torch":5,"minecraft:short_grass":257,"minecraft:blast_furnace":1,"minecraft:calcite":9,"minecraft:chest":9,"minecraft:lectern":76,"minecraft:tall_grass":21,"minecraft:cobblestone":64,"minecraft:lapis_ore":8,"minecraft:oak_planks":294,"minecraft:sugar_cane":6,"minecraft:diorite":45,"minecraft:iron_door":2,"minecraft:wall_torch":8,"minecraft:seagrass":3,"minecraft:white_terracotta":31,"minecraft:wheat":8,"minecraft:sweet_berry_bush":8,"minecraft:spruce_log":199,"minecraft:stripped_oak_wood":2,"minecraft:yellow_bed":2,"minecraft:coal_ore":25,"minecraft:oak_log":280,"minecraft:oak_fence_gate":3,"minecraft:gravel":110,"minecraft:dirt":115,"minecraft:sand":300,"minecraft:cobweb":36,"minecraft:smooth_basalt":13,"minecraft:cracked_stone_bricks":8,"minecraft:stone_bricks":11,"minecraft:mossy_stone_bricks":14,"minecraft:oak_leaves":129,"minecraft:deepslate":249,"minecraft:fern":2},"minecraft:used":{"minecraft:oak_trapdoor":2,"minecraft:spruce_planks":4,"minecraft:chest":33,"minecraft:stone_hoe":57,"minecraft:torch":38,"minecraft:dirt":746,"minecraft:anvil":1,"minecraft:snowball":49,"minecraft:spruce_boat":11,"minecraft:bookshelf":13,"minecraft:smooth_basalt":12,"minecraft:tripwire_hook":2,"minecraft:bow":28,"minecraft:furnace":3,"minecraft:cobbled_deepslate":80,"minecraft:water_bucket":15,"minecraft:stone_pickaxe":3,"minecraft:oak_planks":86,"minecraft:wooden_pickaxe":17,"minecraft:diamond_axe":1331,"minecraft:fletching_table":3,"minecraft:sugar_cane":12,"minecraft:sand":2,"minecraft:crafting_table":12,"minecraft:blast_furnace":1,"minecraft:shears":8,"minecraft:oak_log":2,"minecraft:lever":1,"minecraft:diamond_pickaxe":1203,"minecraft:diamond_shovel":2419,"minecraft:string":23,"minecraft:iron_pickaxe":190,"minecraft:bread":57,"minecraft:lectern":76,"minecraft:spruce_sapling":22,"minecraft:gravel":45,"minecraft:stone_axe":31,"minecraft:diamond_sword":269,"minecraft:cobblestone":182,"minecraft:bucket":16,"minecraft:yellow_bed":2,"minecraft:bone_meal":3},"minecraft:killed":{"minecraft:cave_spider":3,"minecraft:spider":7,"minecraft:skeleton":10,"minecraft:silverfish":2,"minecraft:drowned":2,"minecraft:iron_golem":4,"minecraft:creeper":3,"minecraft:zombie":18,"minecraft:stray":2},"minecraft:crafted":{"minecraft:oak_planks":1336,"minecraft:raw_iron":45,"minecraft:tripwire_hook":2,"minecraft:furnace":3,"minecraft:lever":1,"minecraft:bone_meal":33,"minecraft:diamond_shovel":2,"minecraft:bookshelf":14,"minecraft:oak_trapdoor":2,"minecraft:diamond_helmet":1,"minecraft:bow":14,"minecraft:diamond_leggings":1,"minecraft:stone_pickaxe":1,"minecraft:chest":24,"minecraft:diamond_boots":1,"minecraft:spruce_boat":1,"minecraft:stone_hoe":1,"minecraft:wheat":117,"minecraft:crossbow":5,"minecraft:oak_slab":6,"minecraft:diamond_sword":1,"minecraft:emerald":174,"minecraft:arrow":240,"minecraft:diamond_axe":1,"minecraft:crafting_table":5,"minecraft:spruce_planks":892,"minecraft:wooden_pickaxe":1,"minecraft:fletching_table":2,"minecraft:bucket":1,"minecraft:stone_axe":1,"minecraft:enchanted_book":4,"minecraft:bread":69,"minecraft:air":0,"minecraft:lectern":1,"minecraft:white_wool":7,"minecraft:diamond_pickaxe":1,"minecraft:stick":3892,"minecraft:iron_ingot":69,"minecraft:iron_pickaxe":1,"minecraft:iron_block":6,"minecraft:anvil":1,"minecraft:torch":76,"minecraft:shears":1,"minecraft:diamond_chestplate":1}},"DataVersion":3955}