{"stats":{"minecraft:crafted":{"minecraft:oak_planks":1424,"minecraft:blaze_powder":14,"minecraft:diamond_shovel":2,"minecraft:lever":1,"minecraft:bookshelf":14,"minecraft:shulker_box":2,"minecraft:diamond_helmet":1,"minecraft:bow":14,"minecraft:diamond_leggings":2,"minecraft:chest":35,"minecraft:stone_hoe":1,"minecraft:ender_eye":11,"minecraft:oak_slab":6,"minecraft:emerald":231,"minecraft:arrow":240,"minecraft:diamond_axe":3,"minecraft:crafting_table":5,"minecraft:spruce_planks":1760,"minecraft:wooden_pickaxe":1,"minecraft:fletching_table":2,"minecraft:lectern":1,"minecraft:iron_chestplate":1,"minecraft:diamond_pickaxe":2,"minecraft:stick":5636,"minecraft:iron_ingot":75,"minecraft:iron_pickaxe":1,"minecraft:iron_block":7,"minecraft:gold_ingot":91,"minecraft:shears":1,"minecraft:cookie":72,"minecraft:raw_iron":45,"minecraft:tripwire_hook":2,"minecraft:furnace":3,"minecraft:bone_meal":249,"minecraft:oak_trapdoor":2,"minecraft:flint_and_steel":1,"minecraft:ender_pearl":11,"minecraft:stone_pickaxe":1,"minecraft:diamond_boots":2,"minecraft:spruce_boat":7,"minecraft:netherite_scrap":2,"minecraft:wheat":117,"minecraft:crossbow":5,"minecraft:diamond_sword":1,"minecraft:bucket":3,"minecraft:stone_axe":1,"minecraft:glowstone":6,"minecraft:enchanted_book":5,"minecraft:air":0,"minecraft:bread":81,"minecraft:white_wool":7,"minecraft:anvil":2,"minecraft:pumpkin_pie":48,"minecraft:torch":76,"minecraft:diamond_chestplate":2},"minecraft:used":{"minecraft:chest":44,"minecraft:shield":26,"minecraft:iron_sword":4,"minecraft:soul_sand":7,"minecraft:snowball":49,"minecraft:obsidian":13,"minecraft:spruce_boat":23,"minecraft:item_frame":4,"minecraft:bow":73,"minecraft:furnace":3,"minecraft:diamond_boots":1,"minecraft:end_stone_bricks":3,"minecraft:stone_pickaxe":3,"minecraft:oak_planks":96,"minecraft:blackstone":12,"minecraft:ender_pearl":8,"minecraft:wooden_pickaxe":17,"minecraft:diamond_axe":2000,"minecraft:sugar_cane":24,"minecraft:purpur_pillar":51,"minecraft:cookie":9,"minecraft:golden_apple":1,"minecraft:sand":2,"minecraft:purpur_stairs":18,"minecraft:blast_furnace":4,"minecraft:end_stone":54,"minecraft:shears":9,"minecraft:lever":1,"minecraft:crying_obsidian":4,"minecraft:bread":88,"minecraft:string":29,"minecraft:lectern":181,"minecraft:gravel":45,"minecraft:diamond_sword":691,"minecraft:bone_meal":3,"minecraft:purpur_block":32,"minecraft:oak_trapdoor":2,"minecraft:flint_and_steel":1,"minecraft:spruce_planks":178,"minecraft:stone_hoe":57,"minecraft:netherrack":479,"minecraft:torch":120,"minecraft:dragon_egg":1,"minecraft:brewing_stand":1,"minecraft:dirt":1394,"minecraft:anvil":2,"minecraft:shulker_box":1,"minecraft:bookshelf":13,"minecraft:smooth_basalt":12,"minecraft:tripwire_hook":2,"minecraft:glowstone":6,"minecraft:basalt":15,"minecraft:golden_carrot":13,"minecraft:soul_soil":57,"minecraft:cobbled_deepslate":101,"minecraft:water_bucket":65,"minecraft:fletching_table":34,"minecraft:polished_blackstone_bricks":23,"minecraft:crafting_table":15,"minecraft:white_bed":2,"minecraft:spruce_log":2,"minecraft:oak_log":2,"minecraft:ender_eye":11,"minecraft:diamond_pickaxe":2835,"minecraft:diamond_shovel":4814,"minecraft:cracked_polished_blackstone_bricks":4,"minecraft:iron_pickaxe":190,"minecraft:purpur_slab":4,"minecraft:spruce_sapling":27,"minecraft:stone_axe":31,"minecraft:potion":3,"minecraft:cobblestone":355,"minecraft:bucket":66,"minecraft:pumpkin_pie":25,"minecraft:yellow_bed":11},"minecraft:custom":{"minecraft:interact_with_crafting_table":86,"minecraft:open_shulker_box":6,"minecraft:leave_game":9,"minecraft:time_since_death":142767,"minecraft:sprint_one_cm":912240,"minecraft:damage_blocked_by_shield":836,"minecraft:drop":286,"minecraft:talked_to_villager":297,"minecraft:play_time":646372,"minecraft:deaths":7,"minecraft:jump":10067,"minecraft:interact_with_brewingstand":3,"minecraft:walk_on_water_one_cm":249562,"minecraft:interact_with_furnace":26,"minecraft:traded_with_villager":310,"minecraft:sleep_in_bed":26,"minecraft:open_enderchest":2,"minecraft:damage_dealt":31430,"minecraft:crouch_one_cm":81363,"minecraft:interact_with_anvil":14,"minecraft:mob_kills":131,"minecraft:climb_one_cm":10306,"minecraft:walk_one_cm":2024093,"minecraft:sneak_time":29110,"minecraft:walk_under_water_one_cm":30086,"minecraft:boat_one_cm":436722,"minecraft:total_world_time":646372,"minecraft:time_since_rest":4823,"minecraft:damage_taken":12111,"minecraft:damage_absorbed":40,"minecraft:swim_one_cm":41021,"minecraft:fly_one_cm":2561250,"minecraft:open_chest":336,"minecraft:aviate_one_cm":166334,"minecraft:fall_one_cm":184267},"minecraft:broken":{"minecraft:diamond_helmet":1,"minecraft:iron_helmet":1},"minecraft:dropped":{"minecraft:iron_sword":1,"minecraft:soul_sand":25,"minecraft:porkchop":2,"minecraft:brown_mushroom":1,"minecraft:diamond_axe":1,"minecraft:ender_pearl":5,"minecraft:diamond":16,"minecraft:crafting_table":1,"minecraft:cracked_stone_bricks":8,"minecraft:elytra":2,"minecraft:flint":3,"minecraft:cobblestone_stairs":2,"minecraft:dirt":111,"minecraft:snout_armor_trim_smithing_template":1,"minecraft:snowball":1,"minecraft:pumpkin_pie":49,"minecraft:bone_meal":60,"minecraft:sand":99,"minecraft:polished_blackstone_bricks":4,"minecraft:iron_pickaxe":2,"minecraft:gold_ingot":4,"minecraft:oak_door":1,"minecraft:gravel":49,"minecraft:stone_axe":1,"minecraft:purpur_block":2,"minecraft:cobbled_deepslate":66,"minecraft:wheat":2,"minecraft:obsidian":4,"minecraft:rotten_flesh":8,"minecraft:oak_planks":10,"minecraft:poppy":10,"minecraft:shulker_shell":1,"minecraft:oak_fence_gate":3,"minecraft:spire_armor_trim_smithing_template":1,"minecraft:basalt":39,"minecraft:arrow":64,"minecraft:crying_obsidian":2,"minecraft:netherrack":107,"minecraft:egg":2,"minecraft:water_bucket":2,"minecraft:iron_ingot":7,"minecraft:bread":61,"minecraft:oak_slab":2,"minecraft:wheat_seeds":29,"minecraft:golden_helmet":1,"minecraft:mossy_cobblestone":25,"minecraft:diamond_leggings":2,"minecraft:oak_fence":17,"minecraft:cobblestone":107,"minecraft:granite":6,"minecraft:stick":35,"minecraft:oxeye_daisy":1,"minecraft:lava_bucket":1,"minecraft:diorite":20,"minecraft:golden_carrot":4,"minecraft:iron_door":2,"minecraft:potion":1,"minecraft:iron_leggings":6,"minecraft:oak_stairs":3,"minecraft:iron_shovel":2,"minecraft:string":30,"minecraft:bucket":1,"minecraft:spruce_sapling":17,"minecraft:dandelion":1,"minecraft:smooth_basalt":1,"minecraft:purpur_pillar":1,"minecraft:kelp":1,"minecraft:soul_soil":2,"minecraft:tuff":64,"minecraft:raw_iron":165,"minecraft:iron_boots":1,"minecraft:white_terracotta":31,"minecraft:diamond_sword":2,"minecraft:shield":1,"minecraft:spruce_planks":61,"minecraft:iron_chestplate":3,"minecraft:diamond_pickaxe":2,"minecraft:andesite":30,"minecraft:mossy_stone_bricks":19,"minecraft:oak_sapling":6,"minecraft:stone_bricks":17,"minecraft:spruce_log":2,"minecraft:stone_pickaxe":1,"minecraft:bow":13,"minecraft:wooden_pickaxe":1,"minecraft:calcite":9},"minecraft:killed_by":{"minecraft:player":1,"minecraft:enderman":1,"minecraft:ender_dragon":3},"minecraft:killed":{"minecraft:cave_spider":3,"minecraft:spider":11,"minecraft:shulker":16,"minecraft:skeleton":13,"minecraft:silverfish":2,"minecraft:pig":1,"minecraft:iron_golem":6,"minecraft:ender_dragon":1,"minecraft:creeper":3,"minecraft:zombie":27,"minecraft:stray":2,"minecraft:blaze":14,"minecraft:drowned":2,"minecraft:hoglin":2,"minecraft:wither_skeleton":7,"minecraft:enderman":20},"minecraft:picked_up":{"minecraft:shulker_shell":7,"minecraft:iron_chestplate":8,"minecraft:wheat":5,"minecraft:anvil":1,"minecraft:smithing_table":1,"minecraft:diamond_sword":12,"minecraft:oak_stairs":99,"minecraft:potion":2,"minecraft:nether_brick":22,"minecraft:brewing_stand":3,"minecraft:string":15618,"minecraft:soul_soil":107,"minecraft:iron_leggings":2,"minecraft:cobbled_deepslate":231,"minecraft:diamond_leggings":6,"minecraft:smooth_stone":8,"minecraft:gold_nugget":135,"minecraft:bucket":2,"minecraft:spruce_planks":472,"minecraft:eye_armor_trim_smithing_template":4,"minecraft:calcite":9,"minecraft:azalea":2,"minecraft:iron_boots":2,"minecraft:tipped_arrow":2,"minecraft:golden_helmet":7,"minecraft:stick":106,"minecraft:composter":3,"minecraft:oak_fence":29,"minecraft:torch":69,"minecraft:purpur_pillar":52,"minecraft:porkchop":5,"minecraft:diorite":170,"minecraft:stone_sword":1,"minecraft:rotten_flesh":22,"minecraft:end_rod":2,"minecraft:white_terracotta":61,"minecraft:blaze_rod":7,"minecraft:obsidian":20,"minecraft:iron_bars":12,"minecraft:snowball":50,"minecraft:cobblestone":1104,"minecraft:water_bucket":7,"minecraft:iron_door":2,"minecraft:andesite":54,"minecraft:potato":15,"minecraft:flint":13,"minecraft:tuff":159,"minecraft:lapis_lazuli":38,"minecraft:dirt":2406,"minecraft:bone":5,"minecraft:bow":35,"minecraft:wheat_seeds":139,"minecraft:mossy_stone_bricks":19,"minecraft:fletching_table":32,"minecraft:glowstone_dust":3,"minecraft:oak_planks":398,"minecraft:chiseled_polished_blackstone":1,"minecraft:sand":314,"minecraft:stripped_spruce_log":1,"minecraft:mossy_cobblestone":50,"minecraft:snout_armor_trim_smithing_template":6,"minecraft:diamond":109,"minecraft:spruce_boat":17,"minecraft:cracked_polished_blackstone_bricks":7,"minecraft:granite":13,"minecraft:bone_meal":30,"minecraft:golden_apple":2,"minecraft:emerald":136,"minecraft:bread":224,"minecraft:oak_sapling":11,"minecraft:netherrack":671,"minecraft:bricks":1,"minecraft:diamond_pickaxe":9,"minecraft:end_stone_bricks":3,"minecraft:crafting_table":14,"minecraft:ladder":9,"minecraft:clay_ball":40,"minecraft:brown_mushroom":13,"minecraft:wooden_pickaxe":1,"minecraft:gold_block":10,"minecraft:dragon_head":1,"minecraft:purpur_block":34,"minecraft:shield":10,"minecraft:oak_trapdoor":8,"minecraft:elytra":4,"minecraft:iron_axe":1,"minecraft:item_frame":4,"minecraft:iron_shovel":7,"minecraft:blackstone":76,"minecraft:cracked_stone_bricks":10,"minecraft:oak_boat":2,"minecraft:poppy":22,"minecraft:lectern":180,"minecraft:sugar_cane":28,"minecraft:chest":18,"minecraft:egg":3,"minecraft:raw_iron":243,"minecraft:end_stone":204,"minecraft:oak_door":9,"minecraft:polished_blackstone_bricks":29,"minecraft:carrot":8,"minecraft:arrow":2292,"minecraft:pumpkin_pie":264,"minecraft:shears":2,"minecraft:diamond_boots":7,"minecraft:purpur_slab":15,"minecraft:hay_block":13,"minecraft:gold_ingot":12,"minecraft:bone_block":57,"minecraft:rail":93,"minecraft:white_wool":3,"minecraft:oxeye_daisy":3,"minecraft:stripped_oak_log":32,"minecraft:basalt":291,"minecraft:golden_carrot":10,"minecraft:leather":3,"minecraft:purpur_stairs":18,"minecraft:oak_log":327,"minecraft:cobblestone_wall":1,"minecraft:yellow_bed":11,"minecraft:gunpowder":1,"minecraft:cobblestone_stairs":16,"minecraft:stone_bricks":18,"minecraft:kelp":1,"minecraft:iron_ingot":32,"minecraft:oak_fence_gate":3,"minecraft:stripped_oak_wood":1,"minecraft:iron_sword":1,"minecraft:soul_sand":46,"minecraft:book":1943,"minecraft:oak_slab":3,"minecraft:smooth_basalt":13,"minecraft:dandelion":6,"minecraft:raw_iron_block":5,"minecraft:gravel":161,"minecraft:spruce_sapling":45,"minecraft:blast_furnace":4,"minecraft:white_bed":2,"minecraft:spruce_log":429,"minecraft:crying_obsidian":6,"minecraft:spider_eye":5,"minecraft:dragon_egg":2,"minecraft:diamond_shovel":5,"minecraft:stone_axe":1,"minecraft:iron_helmet":2,"minecraft:diamond_axe":6,"minecraft:coal":48,"minecraft:ender_pearl":22},"minecraft:mined":{"minecraft:dragon_wall_head":1,"minecraft:spruce_planks":40,"minecraft:white_bed":2,"minecraft:farmland":23,"minecraft:cobblestone_stairs":14,"minecraft:brewing_stand":3,"minecraft:obsidian":16,"minecraft:granite":19,"minecraft:grass_block":1146,"minecraft:cracked_polished_blackstone_bricks":6,"minecraft:soul_soil":38,"minecraft:purpur_slab":22,"minecraft:composter":3,"minecraft:oxeye_daisy":3,"minecraft:gilded_blackstone":1,"minecraft:spawner":3,"minecraft:smooth_stone":8,"minecraft:polished_blackstone_bricks":30,"minecraft:tall_seagrass":1,"minecraft:raw_iron_block":5,"minecraft:glowstone":1,"minecraft:iron_ore":40,"minecraft:cobbled_deepslate":1,"minecraft:fire":29,"minecraft:anvil":1,"minecraft:fletching_table":32,"minecraft:cave_vines":1,"minecraft:dirt_path":356,"minecraft:iron_bars":2,"minecraft:oak_stairs":91,"minecraft:azalea":2,"minecraft:end_stone_bricks":3,"minecraft:tripwire":13,"minecraft:deepslate_redstone_ore":5,"minecraft:brown_mushroom":7,"minecraft:blackstone":117,"minecraft:crimson_nylium":1,"minecraft:soul_fire":7,"minecraft:purpur_stairs":19,"minecraft:clay":10,"minecraft:torch":9,"minecraft:blast_furnace":4,"minecraft:calcite":9,"minecraft:poppy":3,"minecraft:chest":12,"minecraft:nether_quartz_ore":9,"minecraft:cobblestone":298,"minecraft:oak_planks":415,"minecraft:sugar_cane":16,"minecraft:bricks":1,"minecraft:iron_door":2,"minecraft:wall_torch":18,"minecraft:seagrass":6,"minecraft:white_terracotta":62,"minecraft:wheat":8,"minecraft:stripped_oak_wood":2,"minecraft:purpur_block":39,"minecraft:oak_log":304,"minecraft:oak_fence_gate":3,"minecraft:sand":454,"minecraft:dirt":889,"minecraft:smooth_basalt":13,"minecraft:netherrack":424,"minecraft:oak_leaves":133,"minecraft:deepslate":364,"minecraft:tuff":120,"minecraft:mossy_cobblestone":28,"minecraft:deepslate_diamond_ore":79,"minecraft:end_stone":55,"minecraft:crimson_roots":2,"minecraft:spruce_leaves":51,"minecraft:large_fern":2,"minecraft:hay_block":13,"minecraft:oak_trapdoor":8,"minecraft:carrots":2,"minecraft:andesite":82,"minecraft:stripped_spruce_log":1,"minecraft:gold_block":11,"minecraft:bookshelf":358,"minecraft:deepslate_iron_ore":86,"minecraft:vine":1,"minecraft:rail":93,"minecraft:stripped_oak_log":32,"minecraft:stone":575,"minecraft:bone_block":56,"minecraft:smithing_table":1,"minecraft:podzol":15,"minecraft:oak_slab":3,"minecraft:glass_pane":10,"minecraft:soul_sand":22,"minecraft:infested_stone_bricks":3,"minecraft:basalt":66,"minecraft:dandelion":8,"minecraft:oak_fence":29,"minecraft:crafting_table":11,"minecraft:short_grass":359,"minecraft:lectern":180,"minecraft:tall_grass":48,"minecraft:purpur_pillar":53,"minecraft:lapis_ore":8,"minecraft:diorite":65,"minecraft:cobblestone_wall":1,"minecraft:sweet_berry_bush":8,"minecraft:spruce_log":420,"minecraft:yellow_bed":12,"minecraft:coal_ore":35,"minecraft:end_rod":2,"minecraft:sunflower":1,"minecraft:gravel":138,"minecraft:cobweb":36,"minecraft:cracked_stone_bricks":8,"minecraft:stone_bricks":11,"minecraft:mossy_stone_bricks":14,"minecraft:fern":9}},"DataVersion":3955}