{"stats":{"minecraft:broken":{"minecraft:diamond_helmet":1,"minecraft:iron_helmet":1},"minecraft:mined":{"minecraft:dragon_wall_head":1,"minecraft:spruce_planks":40,"minecraft:white_bed":2,"minecraft:farmland":23,"minecraft:sculk_vein":61,"minecraft:cobblestone_stairs":17,"minecraft:brewing_stand":5,"minecraft:obsidian":16,"minecraft:granite":44,"minecraft:grass_block":1148,"minecraft:cracked_polished_blackstone_bricks":12,"minecraft:deepslate_bricks":1,"minecraft:soul_soil":38,"minecraft:purpur_slab":23,"minecraft:chiseled_tuff_bricks":19,"minecraft:composter":3,"minecraft:oxeye_daisy":3,"minecraft:tuff_bricks":71,"minecraft:spawner":3,"minecraft:gilded_blackstone":1,"minecraft:smooth_stone":8,"minecraft:polished_blackstone_bricks":43,"minecraft:tall_seagrass":1,"minecraft:magma_block":12,"minecraft:raw_iron_block":5,"minecraft:sculk_catalyst":1,"minecraft:glowstone":1,"minecraft:iron_ore":40,"minecraft:fire":45,"minecraft:cobbled_deepslate":1,"minecraft:polished_tuff":2,"minecraft:anvil":1,"minecraft:fletching_table":33,"minecraft:cave_vines":1,"minecraft:dirt_path":356,"minecraft:iron_bars":2,"minecraft:oak_stairs":91,"minecraft:polished_tuff_slab":1,"minecraft:azalea":2,"minecraft:end_stone_bricks":5,"minecraft:tripwire":13,"minecraft:deepslate_redstone_ore":5,"minecraft:brown_mushroom":7,"minecraft:blackstone":167,"minecraft:crimson_nylium":1,"minecraft:soul_fire":7,"minecraft:purpur_stairs":21,"minecraft:powder_snow":30,"minecraft:clay":10,"minecraft:torch":9,"minecraft:blast_furnace":4,"minecraft:poppy":3,"minecraft:calcite":12,"minecraft:chest":14,"minecraft:nether_quartz_ore":9,"minecraft:cobblestone":299,"minecraft:oak_planks":415,"minecraft:sugar_cane":34,"minecraft:bricks":1,"minecraft:iron_door":2,"minecraft:wall_torch":19,"minecraft:white_terracotta":62,"minecraft:seagrass":6,"minecraft:wheat":8,"minecraft:waxed_copper_block":8,"minecraft:stripped_oak_wood":2,"minecraft:purpur_block":47,"minecraft:oak_log":306,"minecraft:waxed_oxidized_copper":3,"minecraft:oak_fence_gate":3,"minecraft:sand":454,"minecraft:dirt":919,"minecraft:smooth_basalt":17,"minecraft:ancient_debris":36,"minecraft:netherrack":1115,"minecraft:deepslate":403,"minecraft:oak_leaves":155,"minecraft:tuff":120,"minecraft:mossy_cobblestone":28,"minecraft:deepslate_diamond_ore":90,"minecraft:end_stone":57,"minecraft:ladder":1,"minecraft:decorated_pot":7,"minecraft:crimson_roots":2,"minecraft:redstone_wire":1,"minecraft:spruce_leaves":59,"minecraft:large_fern":2,"minecraft:hay_block":13,"minecraft:redstone_ore":2,"minecraft:oak_trapdoor":8,"minecraft:waxed_oxidized_cut_copper":3,"minecraft:carrots":2,"minecraft:waxed_copper_grate":2,"minecraft:polished_basalt":11,"minecraft:andesite":82,"minecraft:stripped_spruce_log":1,"minecraft:gold_block":24,"minecraft:bookshelf":358,"minecraft:deepslate_iron_ore":86,"minecraft:vine":1,"minecraft:rail":93,"minecraft:stripped_oak_log":32,"minecraft:stone":709,"minecraft:bone_block":57,"minecraft:ender_chest":2,"minecraft:podzol":15,"minecraft:smithing_table":1,"minecraft:oak_slab":3,"minecraft:waxed_exposed_copper_bulb":1,"minecraft:glass_pane":10,"minecraft:soul_sand":22,"minecraft:infested_stone_bricks":3,"minecraft:basalt":336,"minecraft:dandelion":8,"minecraft:oak_fence":29,"minecraft:crafting_table":11,"minecraft:short_grass":378,"minecraft:lectern":230,"minecraft:tall_grass":57,"minecraft:purpur_pillar":55,"minecraft:lapis_ore":8,"minecraft:sculk":1562,"minecraft:diorite":80,"minecraft:cobblestone_wall":1,"minecraft:waxed_oxidized_copper_grate":1,"minecraft:sweet_berry_bush":8,"minecraft:birch_leaves":6,"minecraft:spruce_log":590,"minecraft:yellow_bed":12,"minecraft:coal_ore":37,"minecraft:flower_pot":1,"minecraft:end_rod":2,"minecraft:gravel":162,"minecraft:sunflower":1,"minecraft:cobweb":46,"minecraft:cracked_stone_bricks":8,"minecraft:stone_bricks":11,"minecraft:mossy_stone_bricks":14,"minecraft:fern":9},"minecraft:killed":{"minecraft:cave_spider":3,"minecraft:spider":31,"minecraft:shulker":25,"minecraft:skeleton":50,"minecraft:silverfish":5,"minecraft:piglin":1,"minecraft:pig":1,"minecraft:iron_golem":6,"minecraft:ender_dragon":1,"minecraft:creeper":4,"minecraft:pillager":8,"minecraft:zombie":52,"minecraft:stray":2,"minecraft:blaze":14,"minecraft:vindicator":2,"minecraft:drowned":2,"minecraft:ravager":1,"minecraft:hoglin":2,"minecraft:breeze":7,"minecraft:wither_skeleton":7,"minecraft:enderman":22},"minecraft:used":{"minecraft:elytra":1,"minecraft:diamond_hoe":1649,"minecraft:chest":44,"minecraft:shield":41,"minecraft:iron_sword":4,"minecraft:soul_sand":7,"minecraft:obsidian":13,"minecraft:honey_bottle":4,"minecraft:snowball":72,"minecraft:spruce_boat":23,"minecraft:villager_spawn_egg":2,"minecraft:item_frame":4,"minecraft:bow":98,"minecraft:ominous_bottle":1,"minecraft:furnace":3,"minecraft:egg":15,"minecraft:diorite":2,"minecraft:diamond_boots":1,"minecraft:end_stone_bricks":4,"minecraft:stone_pickaxe":3,"minecraft:oak_planks":96,"minecraft:blackstone":16,"minecraft:ender_pearl":10,"minecraft:wooden_pickaxe":17,"minecraft:diamond_axe":2237,"minecraft:sugar_cane":29,"minecraft:purpur_pillar":51,"minecraft:cookie":54,"minecraft:golden_apple":1,"minecraft:sand":2,"minecraft:purpur_stairs":18,"minecraft:blast_furnace":4,"minecraft:end_stone":56,"minecraft:shears":9,"minecraft:polished_tuff":1,"minecraft:lever":1,"minecraft:firework_rocket":6,"minecraft:crying_obsidian":4,"minecraft:string":29,"minecraft:bread":91,"minecraft:lectern":231,"minecraft:gravel":45,"minecraft:diamond_sword":1085,"minecraft:air":1,"minecraft:bone_meal":3,"minecraft:purpur_block":37,"minecraft:oak_trapdoor":2,"minecraft:flint_and_steel":1,"minecraft:spruce_planks":178,"minecraft:ender_chest":2,"minecraft:stone_hoe":57,"minecraft:trial_key":4,"minecraft:netherrack":503,"minecraft:dragon_egg":1,"minecraft:torch":129,"minecraft:brewing_stand":1,"minecraft:dirt":1464,"minecraft:anvil":3,"minecraft:shulker_box":1,"minecraft:bookshelf":13,"minecraft:smooth_basalt":12,"minecraft:tripwire_hook":2,"minecraft:glowstone":6,"minecraft:basalt":15,"minecraft:golden_carrot":13,"minecraft:soul_soil":57,"minecraft:cooked_beef":1,"minecraft:cobbled_deepslate":101,"minecraft:enchanted_golden_apple":1,"minecraft:water_bucket":84,"minecraft:cobblestone_stairs":2,"minecraft:glass_bottle":2,"minecraft:baked_potato":4,"minecraft:fletching_table":35,"minecraft:polished_blackstone_bricks":34,"minecraft:crafting_table":15,"minecraft:white_bed":2,"minecraft:spruce_log":2,"minecraft:oak_log":2,"minecraft:ender_eye":11,"minecraft:diamond_pickaxe":4348,"minecraft:ominous_trial_key":4,"minecraft:diamond_shovel":4879,"minecraft:cracked_polished_blackstone_bricks":4,"minecraft:iron_pickaxe":190,"minecraft:purpur_slab":5,"minecraft:spruce_sapling":30,"minecraft:stone_axe":31,"minecraft:potion":8,"minecraft:cobblestone":419,"minecraft:bucket":85,"minecraft:pumpkin_pie":55,"minecraft:yellow_bed":11},"minecraft:picked_up":{"minecraft:shulker_shell":11,"minecraft:iron_chestplate":9,"minecraft:wheat":5,"minecraft:ender_chest":2,"minecraft:anvil":1,"minecraft:flower_pot":1,"minecraft:smithing_table":1,"minecraft:diamond_sword":16,"minecraft:oak_stairs":99,"minecraft:potion":14,"minecraft:enchanted_book":1,"minecraft:nether_brick":22,"minecraft:brewing_stand":5,"minecraft:string":15652,"minecraft:soul_soil":107,"minecraft:iron_leggings":2,"minecraft:diamond_leggings":9,"minecraft:smooth_stone":8,"minecraft:gold_nugget":135,"minecraft:cobbled_deepslate":264,"minecraft:bucket":2,"minecraft:spruce_planks":472,"minecraft:eye_armor_trim_smithing_template":4,"minecraft:trial_key":10,"minecraft:calcite":9,"minecraft:azalea":2,"minecraft:enchanted_golden_apple":1,"minecraft:iron_boots":2,"minecraft:tipped_arrow":12,"minecraft:golden_helmet":7,"minecraft:stick":141,"minecraft:composter":3,"minecraft:oak_fence":29,"minecraft:torch":75,"minecraft:purpur_pillar":53,"minecraft:porkchop":5,"minecraft:waxed_copper_grate":2,"minecraft:diorite":185,"minecraft:stone_sword":1,"minecraft:honey_bottle":2,"minecraft:rotten_flesh":43,"minecraft:polished_basalt":10,"minecraft:end_rod":2,"minecraft:white_terracotta":61,"minecraft:blaze_rod":7,"minecraft:obsidian":20,"minecraft:iron_bars":12,"minecraft:snowball":50,"minecraft:cobblestone":1210,"minecraft:magma_block":12,"minecraft:cooked_beef":3,"minecraft:iron_door":2,"minecraft:water_bucket":7,"minecraft:andesite":54,"minecraft:potato":15,"minecraft:flint":14,"minecraft:tuff":159,"minecraft:lapis_lazuli":38,"minecraft:dirt":2436,"minecraft:bone":36,"minecraft:bow":38,"minecraft:wheat_seeds":145,"minecraft:bolt_armor_trim_smithing_template":1,"minecraft:guster_banner_pattern":1,"minecraft:mossy_stone_bricks":19,"minecraft:fletching_table":33,"minecraft:diamond_helmet":1,"minecraft:glowstone_dust":3,"minecraft:oak_planks":398,"minecraft:scrape_pottery_sherd":1,"minecraft:waxed_oxidized_copper_trapdoor":2,"minecraft:chiseled_polished_blackstone":1,"minecraft:sand":314,"minecraft:stripped_spruce_log":1,"minecraft:mossy_cobblestone":50,"minecraft:snout_armor_trim_smithing_template":6,"minecraft:diamond":109,"minecraft:deepslate":6,"minecraft:spruce_boat":17,"minecraft:cracked_polished_blackstone_bricks":12,"minecraft:granite":56,"minecraft:crossbow":1,"minecraft:breeze_rod":11,"minecraft:bone_meal":30,"minecraft:golden_apple":3,"minecraft:emerald":160,"minecraft:bread":227,"minecraft:oak_sapling":11,"minecraft:netherrack":1275,"minecraft:bricks":1,"minecraft:ominous_trial_key":2,"minecraft:diamond_pickaxe":11,"minecraft:end_stone_bricks":4,"minecraft:waxed_oxidized_cut_copper":2,"minecraft:crafting_table":14,"minecraft:ominous_bottle":1,"minecraft:ladder":10,"minecraft:clay_ball":40,"minecraft:brown_mushroom":13,"minecraft:wooden_pickaxe":1,"minecraft:gold_block":21,"minecraft:music_disc_creator":1,"minecraft:dragon_head":1,"minecraft:purpur_block":39,"minecraft:brick":27,"minecraft:shield":14,"minecraft:wind_charge":10,"minecraft:oak_trapdoor":8,"minecraft:elytra":8,"minecraft:flow_banner_pattern":1,"minecraft:iron_axe":2,"minecraft:item_frame":6,"minecraft:iron_shovel":7,"minecraft:blackstone":149,"minecraft:cracked_stone_bricks":10,"minecraft:deepslate_diamond_ore":18,"minecraft:oak_boat":2,"minecraft:chiseled_tuff":2,"minecraft:poppy":22,"minecraft:lectern":230,"minecraft:sugar_cane":80,"minecraft:chest":22,"minecraft:diamond_hoe":3,"minecraft:waxed_oxidized_copper":2,"minecraft:egg":5,"minecraft:raw_iron":245,"minecraft:end_stone":206,"minecraft:stone":54,"minecraft:oak_door":9,"minecraft:polished_blackstone_bricks":40,"minecraft:carrot":8,"minecraft:redstone":11,"minecraft:music_disc_creator_music_box":1,"minecraft:arrow":2398,"minecraft:diamond_chestplate":3,"minecraft:pumpkin_pie":265,"minecraft:shears":2,"minecraft:deepslate_bricks":1,"minecraft:diamond_boots":10,"minecraft:purpur_slab":16,"minecraft:hay_block":13,"minecraft:saddle":1,"minecraft:gold_ingot":19,"minecraft:tuff_bricks":40,"minecraft:bone_block":57,"minecraft:rail":93,"minecraft:white_wool":3,"minecraft:oxeye_daisy":3,"minecraft:stripped_oak_log":32,"minecraft:basalt":483,"minecraft:golden_carrot":14,"minecraft:leather":3,"minecraft:purpur_stairs":20,"minecraft:ancient_debris":36,"minecraft:oak_log":329,"minecraft:waxed_copper_block":4,"minecraft:cobblestone_wall":1,"minecraft:yellow_bed":11,"minecraft:gunpowder":2,"minecraft:cobblestone_stairs":19,"minecraft:sculk_vein":3,"minecraft:paper":28,"minecraft:white_banner":2,"minecraft:stone_bricks":18,"minecraft:kelp":1,"minecraft:iron_ingot":55,"minecraft:oak_fence_gate":3,"minecraft:cooked_chicken":1,"minecraft:stripped_oak_wood":1,"minecraft:iron_sword":2,"minecraft:soul_sand":46,"minecraft:book":1944,"minecraft:oak_slab":3,"minecraft:smooth_basalt":16,"minecraft:dandelion":6,"minecraft:raw_iron_block":5,"minecraft:gravel":184,"minecraft:spruce_sapling":51,"minecraft:blast_furnace":4,"minecraft:white_bed":2,"minecraft:spruce_log":597,"minecraft:crying_obsidian":6,"minecraft:dragon_egg":2,"minecraft:spider_eye":9,"minecraft:polished_tuff":1,"minecraft:diamond_shovel":7,"minecraft:coal_ore":4,"minecraft:stone_axe":2,"minecraft:iron_helmet":2,"minecraft:diamond_axe":7,"minecraft:baked_potato":9,"minecraft:coal":48,"minecraft:chiseled_tuff_bricks":15,"minecraft:ender_pearl":24},"minecraft:custom":{"minecraft:interact_with_crafting_table":98,"minecraft:open_barrel":2,"minecraft:open_shulker_box":15,"minecraft:leave_game":15,"minecraft:time_since_death":3038,"minecraft:damage_resisted":148,"minecraft:sprint_one_cm":1219729,"minecraft:damage_blocked_by_shield":1191,"minecraft:drop":363,"minecraft:talked_to_villager":417,"minecraft:play_time":843430,"minecraft:deaths":9,"minecraft:jump":13117,"minecraft:interact_with_brewingstand":5,"minecraft:walk_on_water_one_cm":324088,"minecraft:enchant_item":1,"minecraft:interact_with_furnace":28,"minecraft:traded_with_villager":379,"minecraft:sleep_in_bed":30,"minecraft:open_enderchest":17,"minecraft:damage_dealt":53281,"minecraft:crouch_one_cm":87763,"minecraft:inspect_dispenser":13,"minecraft:interact_with_anvil":34,"minecraft:mob_kills":250,"minecraft:climb_one_cm":21359,"minecraft:walk_one_cm":2544891,"minecraft:raid_win":1,"minecraft:sneak_time":33337,"minecraft:walk_under_water_one_cm":39563,"minecraft:boat_one_cm":436722,"minecraft:total_world_time":843430,"minecraft:time_since_rest":3064,"minecraft:damage_taken":17573,"minecraft:damage_absorbed":200,"minecraft:swim_one_cm":46220,"minecraft:fly_one_cm":3433807,"minecraft:open_chest":445,"minecraft:aviate_one_cm":1051692,"minecraft:fall_one_cm":250072},"minecraft:killed_by":{"minecraft:player":2,"minecraft:enderman":1,"minecraft:ender_dragon":3,"minecraft:warden":1},"minecraft:dropped":{"minecraft:iron_sword":1,"minecraft:soul_sand":25,"minecraft:brown_mushroom":1,"minecraft:porkchop":2,"minecraft:diamond_axe":1,"minecraft:cooked_beef":2,"minecraft:ender_pearl":5,"minecraft:glass_bottle":2,"minecraft:diamond":16,"minecraft:crafting_table":1,"minecraft:cracked_stone_bricks":8,"minecraft:elytra":2,"minecraft:music_disc_creator_music_box":1,"minecraft:flint":3,"minecraft:cobblestone_stairs":2,"minecraft:dirt":120,"minecraft:scrape_pottery_sherd":1,"minecraft:snout_armor_trim_smithing_template":1,"minecraft:snowball":1,"minecraft:pumpkin_pie":50,"minecraft:bone_meal":60,"minecraft:sand":99,"minecraft:polished_blackstone_bricks":4,"minecraft:iron_pickaxe":2,"minecraft:bone":31,"minecraft:gold_ingot":4,"minecraft:oak_door":1,"minecraft:gravel":49,"minecraft:stone_axe":2,"minecraft:purpur_block":2,"minecraft:cooked_chicken":1,"minecraft:chiseled_tuff_bricks":2,"minecraft:cobbled_deepslate":67,"minecraft:wheat":2,"minecraft:obsidian":4,"minecraft:rotten_flesh":28,"minecraft:oak_planks":10,"minecraft:waxed_copper_block":4,"minecraft:shulker_shell":1,"minecraft:poppy":10,"minecraft:oak_fence_gate":3,"minecraft:chest":2,"minecraft:arrow":64,"minecraft:spire_armor_trim_smithing_template":1,"minecraft:basalt":39,"minecraft:chiseled_tuff":2,"minecraft:crying_obsidian":2,"minecraft:netherrack":107,"minecraft:egg":3,"minecraft:water_bucket":3,"minecraft:bread":61,"minecraft:iron_ingot":12,"minecraft:oak_slab":2,"minecraft:wheat_seeds":31,"minecraft:golden_helmet":1,"minecraft:mossy_cobblestone":25,"minecraft:deepslate_diamond_ore":11,"minecraft:diamond_leggings":2,"minecraft:oak_fence":17,"minecraft:cobblestone":107,"minecraft:book":4,"minecraft:sculk_vein":2,"minecraft:granite":37,"minecraft:ominous_trial_key":1,"minecraft:coal":27,"minecraft:stick":67,"minecraft:oxeye_daisy":1,"minecraft:lava_bucket":1,"minecraft:diorite":33,"minecraft:golden_carrot":8,"minecraft:wooden_axe":3,"minecraft:iron_door":2,"minecraft:waxed_oxidized_copper":2,"minecraft:potion":3,"minecraft:iron_leggings":7,"minecraft:oak_stairs":3,"minecraft:iron_axe":1,"minecraft:iron_shovel":2,"minecraft:string":64,"minecraft:bucket":1,"minecraft:spruce_sapling":17,"minecraft:dandelion":1,"minecraft:smooth_basalt":4,"minecraft:purpur_pillar":1,"minecraft:kelp":1,"minecraft:tuff_bricks":40,"minecraft:soul_soil":2,"minecraft:soul_torch":1,"minecraft:bamboo_hanging_sign":2,"minecraft:diamond_hoe":2,"minecraft:tuff":64,"minecraft:experience_bottle":2,"minecraft:raw_iron":166,"minecraft:iron_boots":1,"minecraft:white_terracotta":31,"minecraft:deepslate_bricks":1,"minecraft:diamond_sword":2,"minecraft:stone":27,"minecraft:shield":3,"minecraft:flower_pot":1,"minecraft:spruce_planks":63,"minecraft:iron_chestplate":3,"minecraft:diamond_pickaxe":2,"minecraft:andesite":36,"minecraft:mossy_stone_bricks":19,"minecraft:oak_sapling":6,"minecraft:waxed_oxidized_cut_copper":2,"minecraft:spider_eye":4,"minecraft:stone_bricks":17,"minecraft:spruce_log":2,"minecraft:bow":14,"minecraft:stone_pickaxe":1,"minecraft:wooden_pickaxe":1,"minecraft:calcite":9,"minecraft:waxed_oxidized_copper_trapdoor":2,"minecraft:brick":27},"minecraft:crafted":{"minecraft:oak_planks":1432,"minecraft:blaze_powder":14,"minecraft:diamond_shovel":2,"minecraft:lever":1,"minecraft:bookshelf":14,"minecraft:shulker_box":2,"minecraft:diamond_helmet":1,"minecraft:bow":14,"minecraft:diamond_leggings":2,"minecraft:chest":35,"minecraft:netherite_upgrade_smithing_template":2,"minecraft:stone_hoe":1,"minecraft:ender_eye":11,"minecraft:oak_slab":6,"minecraft:emerald":280,"minecraft:arrow":240,"minecraft:diamond_axe":3,"minecraft:crafting_table":5,"minecraft:spruce_planks":2432,"minecraft:wooden_pickaxe":1,"minecraft:gold_block":17,"minecraft:fletching_table":2,"minecraft:lectern":1,"minecraft:iron_chestplate":1,"minecraft:paper":30,"minecraft:diamond_pickaxe":2,"minecraft:stick":6996,"minecraft:iron_ingot":75,"minecraft:iron_pickaxe":1,"minecraft:iron_block":7,"minecraft:gold_ingot":91,"minecraft:shears":1,"minecraft:cookie":144,"minecraft:raw_iron":45,"minecraft:tripwire_hook":2,"minecraft:diamond_hoe":1,"minecraft:furnace":3,"minecraft:bone_meal":249,"minecraft:oak_trapdoor":2,"minecraft:flint_and_steel":1,"minecraft:ender_pearl":11,"minecraft:stone_pickaxe":1,"minecraft:diamond_boots":3,"minecraft:spruce_boat":7,"minecraft:netherite_scrap":2,"minecraft:glistering_melon_slice":21,"minecraft:wheat":117,"minecraft:crossbow":5,"minecraft:diamond_sword":1,"minecraft:bucket":3,"minecraft:stone_axe":1,"minecraft:glowstone":6,"minecraft:enchanted_book":14,"minecraft:air":0,"minecraft:bread":81,"minecraft:white_wool":7,"minecraft:anvil":2,"minecraft:pumpkin_pie":48,"minecraft:torch":76,"minecraft:diamond_chestplate":2,"minecraft:firework_rocket":6}},"DataVersion":3955}