{"stats":{"minecraft:crafted":{"minecraft:cookie":72,"minecraft:oak_planks":1340,"minecraft:raw_iron":45,"minecraft:tripwire_hook":2,"minecraft:furnace":3,"minecraft:lever":1,"minecraft:bone_meal":249,"minecraft:diamond_shovel":2,"minecraft:bookshelf":14,"minecraft:flint_and_steel":1,"minecraft:oak_trapdoor":2,"minecraft:diamond_helmet":1,"minecraft:bow":14,"minecraft:diamond_leggings":1,"minecraft:stone_pickaxe":1,"minecraft:chest":24,"minecraft:diamond_boots":1,"minecraft:spruce_boat":1,"minecraft:stone_hoe":1,"minecraft:wheat":117,"minecraft:crossbow":5,"minecraft:oak_slab":6,"minecraft:diamond_sword":1,"minecraft:emerald":188,"minecraft:arrow":240,"minecraft:diamond_axe":2,"minecraft:crafting_table":5,"minecraft:spruce_planks":1084,"minecraft:wooden_pickaxe":1,"minecraft:fletching_table":2,"minecraft:bucket":1,"minecraft:glowstone":6,"minecraft:stone_axe":1,"minecraft:enchanted_book":4,"minecraft:bread":81,"minecraft:air":0,"minecraft:lectern":1,"minecraft:white_wool":7,"minecraft:diamond_pickaxe":2,"minecraft:stick":4280,"minecraft:iron_ingot":75,"minecraft:iron_pickaxe":1,"minecraft:iron_block":7,"minecraft:anvil":2,"minecraft:torch":76,"minecraft:shears":1,"minecraft:diamond_chestplate":1},"minecraft:used":{"minecraft:oak_trapdoor":2,"minecraft:flint_and_steel":1,"minecraft:chest":33,"minecraft:spruce_planks":4,"minecraft:stone_hoe":57,"minecraft:netherrack":68,"minecraft:torch":86,"minecraft:soul_sand":7,"minecraft:dirt":751,"minecraft:anvil":2,"minecraft:snowball":49,"minecraft:obsidian":10,"minecraft:spruce_boat":12,"minecraft:bookshelf":13,"minecraft:basalt":15,"minecraft:glowstone":6,"minecraft:smooth_basalt":12,"minecraft:tripwire_hook":2,"minecraft:bow":33,"minecraft:soul_soil":57,"minecraft:furnace":3,"minecraft:cobbled_deepslate":101,"minecraft:water_bucket":15,"minecraft:stone_pickaxe":3,"minecraft:oak_planks":96,"minecraft:wooden_pickaxe":17,"minecraft:diamond_axe":1524,"minecraft:fletching_table":3,"minecraft:sugar_cane":12,"minecraft:cookie":9,"minecraft:sand":2,"minecraft:crafting_table":14,"minecraft:blast_furnace":1,"minecraft:shears":8,"minecraft:oak_log":2,"minecraft:lever":1,"minecraft:diamond_pickaxe":1684,"minecraft:diamond_shovel":2489,"minecraft:string":23,"minecraft:iron_pickaxe":190,"minecraft:bread":66,"minecraft:lectern":181,"minecraft:spruce_sapling":22,"minecraft:gravel":45,"minecraft:stone_axe":31,"minecraft:diamond_sword":336,"minecraft:cobblestone":242,"minecraft:bucket":16,"minecraft:yellow_bed":4,"minecraft:bone_meal":3},"minecraft:custom":{"minecraft:interact_with_anvil":9,"minecraft:mob_kills":66,"minecraft:interact_with_crafting_table":66,"minecraft:leave_game":6,"minecraft:time_since_death":392886,"minecraft:climb_one_cm":6108,"minecraft:sprint_one_cm":551143,"minecraft:walk_one_cm":1284442,"minecraft:drop":156,"minecraft:talked_to_villager":277,"minecraft:play_time":392886,"minecraft:sneak_time":12988,"minecraft:walk_under_water_one_cm":16469,"minecraft:boat_one_cm":381496,"minecraft:jump":5538,"minecraft:walk_on_water_one_cm":113743,"minecraft:total_world_time":392886,"minecraft:interact_with_furnace":21,"minecraft:traded_with_villager":243,"minecraft:sleep_in_bed":17,"minecraft:time_since_rest":21099,"minecraft:damage_taken":3373,"minecraft:damage_dealt":12140,"minecraft:swim_one_cm":22816,"minecraft:fly_one_cm":1065477,"minecraft:open_chest":157,"minecraft:crouch_one_cm":32591,"minecraft:fall_one_cm":93850},"minecraft:dropped":{"minecraft:water_bucket":1,"minecraft:bread":58,"minecraft:soul_sand":11,"minecraft:oak_slab":2,"minecraft:wheat_seeds":23,"minecraft:mossy_cobblestone":20,"minecraft:diamond":16,"minecraft:crafting_table":1,"minecraft:oak_fence":17,"minecraft:cobblestone":94,"minecraft:granite":6,"minecraft:cracked_stone_bricks":8,"minecraft:flint":3,"minecraft:stick":31,"minecraft:oxeye_daisy":1,"minecraft:dirt":60,"minecraft:iron_door":2,"minecraft:oak_stairs":3,"minecraft:bone_meal":60,"minecraft:sand":99,"minecraft:iron_pickaxe":1,"minecraft:string":22,"minecraft:bucket":1,"minecraft:spruce_sapling":16,"minecraft:dandelion":1,"minecraft:smooth_basalt":1,"minecraft:oak_door":1,"minecraft:gravel":34,"minecraft:stone_axe":1,"minecraft:kelp":1,"minecraft:wheat":2,"minecraft:cobbled_deepslate":66,"minecraft:tuff":64,"minecraft:obsidian":4,"minecraft:raw_iron":165,"minecraft:rotten_flesh":8,"minecraft:oak_planks":7,"minecraft:white_terracotta":31,"minecraft:poppy":7,"minecraft:oak_fence_gate":3,"minecraft:spruce_planks":61,"minecraft:andesite":30,"minecraft:mossy_stone_bricks":19,"minecraft:oak_sapling":6,"minecraft:stone_bricks":17,"minecraft:bow":12,"minecraft:stone_pickaxe":1,"minecraft:wooden_pickaxe":1,"minecraft:calcite":9,"minecraft:egg":2},"minecraft:killed":{"minecraft:cave_spider":3,"minecraft:spider":11,"minecraft:skeleton":11,"minecraft:silverfish":2,"minecraft:drowned":2,"minecraft:iron_golem":4,"minecraft:creeper":3,"minecraft:zombie":27,"minecraft:stray":2},"minecraft:picked_up":{"minecraft:crafting_table":12,"minecraft:wheat":4,"minecraft:clay_ball":4,"minecraft:smithing_table":1,"minecraft:oak_stairs":12,"minecraft:brewing_stand":1,"minecraft:shield":1,"minecraft:string":15357,"minecraft:soul_soil":72,"minecraft:iron_axe":1,"minecraft:iron_shovel":1,"minecraft:cracked_stone_bricks":10,"minecraft:cobbled_deepslate":231,"minecraft:bucket":1,"minecraft:spruce_planks":65,"minecraft:oak_boat":1,"minecraft:calcite":9,"minecraft:azalea":2,"minecraft:poppy":8,"minecraft:lectern":180,"minecraft:sugar_cane":16,"minecraft:chest":9,"minecraft:iron_boots":1,"minecraft:egg":3,"minecraft:golden_helmet":1,"minecraft:tipped_arrow":1,"minecraft:stick":83,"minecraft:raw_iron":243,"minecraft:oak_door":2,"minecraft:composter":3,"minecraft:oak_fence":29,"minecraft:torch":43,"minecraft:diorite":50,"minecraft:carrot":8,"minecraft:arrow":150,"minecraft:rotten_flesh":21,"minecraft:shears":2,"minecraft:hay_block":13,"minecraft:white_terracotta":31,"minecraft:bone_block":57,"minecraft:obsidian":14,"minecraft:snowball":50,"minecraft:rail":93,"minecraft:cobblestone":623,"minecraft:oxeye_daisy":1,"minecraft:stripped_oak_log":32,"minecraft:basalt":16,"minecraft:iron_door":2,"minecraft:water_bucket":1,"minecraft:andesite":48,"minecraft:potato":15,"minecraft:flint":13,"minecraft:tuff":83,"minecraft:oak_log":304,"minecraft:yellow_bed":4,"minecraft:gunpowder":1,"minecraft:cobblestone_stairs":4,"minecraft:lapis_lazuli":38,"minecraft:dirt":1000,"minecraft:bone":4,"minecraft:stone_bricks":18,"minecraft:kelp":1,"minecraft:bow":24,"minecraft:wheat_seeds":84,"minecraft:iron_ingot":18,"minecraft:oak_fence_gate":3,"minecraft:stripped_oak_wood":1,"minecraft:mossy_stone_bricks":19,"minecraft:fletching_table":1,"minecraft:soul_sand":28,"minecraft:oak_planks":309,"minecraft:book":1161,"minecraft:smooth_basalt":13,"minecraft:dandelion":1,"minecraft:raw_iron_block":5,"minecraft:gravel":124,"minecraft:sand":170,"minecraft:stripped_spruce_log":1,"minecraft:spruce_sapling":39,"minecraft:blast_furnace":1,"minecraft:spruce_log":272,"minecraft:spider_eye":5,"minecraft:mossy_cobblestone":24,"minecraft:diamond":109,"minecraft:spruce_boat":12,"minecraft:granite":10,"minecraft:bone_meal":30,"minecraft:golden_apple":1,"minecraft:bread":55,"minecraft:emerald":77,"minecraft:oak_sapling":11,"minecraft:netherrack":120,"minecraft:coal":38},"minecraft:mined":{"minecraft:tuff":120,"minecraft:spruce_planks":4,"minecraft:farmland":21,"minecraft:mossy_cobblestone":7,"minecraft:deepslate_diamond_ore":79,"minecraft:cobblestone_stairs":4,"minecraft:brewing_stand":1,"minecraft:obsidian":15,"minecraft:granite":16,"minecraft:grass_block":572,"minecraft:soul_soil":6,"minecraft:spruce_leaves":51,"minecraft:composter":3,"minecraft:oxeye_daisy":1,"minecraft:spawner":2,"minecraft:large_fern":2,"minecraft:hay_block":13,"minecraft:tall_seagrass":1,"minecraft:raw_iron_block":5,"minecraft:carrots":2,"minecraft:iron_ore":40,"minecraft:fire":28,"minecraft:cobbled_deepslate":1,"minecraft:andesite":76,"minecraft:stripped_spruce_log":1,"minecraft:fletching_table":1,"minecraft:bookshelf":358,"minecraft:dirt_path":286,"minecraft:vine":1,"minecraft:cave_vines":1,"minecraft:deepslate_iron_ore":86,"minecraft:rail":93,"minecraft:oak_stairs":5,"minecraft:stripped_oak_log":32,"minecraft:azalea":2,"minecraft:stone":547,"minecraft:bone_block":56,"minecraft:tripwire":11,"minecraft:smithing_table":1,"minecraft:podzol":6,"minecraft:deepslate_redstone_ore":5,"minecraft:glass_pane":4,"minecraft:soul_sand":17,"minecraft:infested_stone_bricks":3,"minecraft:basalt":23,"minecraft:soul_fire":7,"minecraft:dandelion":4,"minecraft:clay":1,"minecraft:oak_fence":29,"minecraft:crafting_table":11,"minecraft:torch":6,"minecraft:short_grass":296,"minecraft:blast_furnace":1,"minecraft:poppy":1,"minecraft:calcite":9,"minecraft:chest":9,"minecraft:lectern":180,"minecraft:tall_grass":27,"minecraft:cobblestone":78,"minecraft:lapis_ore":8,"minecraft:oak_planks":306,"minecraft:sugar_cane":6,"minecraft:diorite":65,"minecraft:iron_door":2,"minecraft:wall_torch":10,"minecraft:seagrass":3,"minecraft:white_terracotta":31,"minecraft:wheat":8,"minecraft:sweet_berry_bush":8,"minecraft:spruce_log":264,"minecraft:stripped_oak_wood":2,"minecraft:yellow_bed":4,"minecraft:coal_ore":35,"minecraft:oak_log":281,"minecraft:oak_fence_gate":3,"minecraft:gravel":138,"minecraft:dirt":125,"minecraft:sand":300,"minecraft:cobweb":36,"minecraft:smooth_basalt":13,"minecraft:cracked_stone_bricks":8,"minecraft:stone_bricks":11,"minecraft:netherrack":33,"minecraft:mossy_stone_bricks":14,"minecraft:oak_leaves":129,"minecraft:deepslate":364,"minecraft:fern":2}},"DataVersion":3955}