{"stats":{"minecraft:crafted":{"minecraft:oak_planks":1452,"minecraft:blaze_powder":14,"minecraft:diamond_shovel":2,"minecraft:lever":1,"minecraft:bookshelf":14,"minecraft:shulker_box":2,"minecraft:diamond_helmet":1,"minecraft:bow":14,"minecraft:diamond_leggings":2,"minecraft:netherite_boots":2,"minecraft:chest":35,"minecraft:netherite_helmet":2,"minecraft:netherite_upgrade_smithing_template":16,"minecraft:stone_hoe":1,"minecraft:ender_eye":11,"minecraft:oak_slab":6,"minecraft:emerald":280,"minecraft:arrow":240,"minecraft:diamond_axe":3,"minecraft:crafting_table":6,"minecraft:spruce_planks":2432,"minecraft:wooden_pickaxe":1,"minecraft:fletching_table":2,"minecraft:gold_block":17,"minecraft:lectern":1,"minecraft:iron_chestplate":1,"minecraft:paper":33,"minecraft:diamond_pickaxe":2,"minecraft:stick":6996,"minecraft:iron_ingot":111,"minecraft:iron_pickaxe":1,"minecraft:iron_block":7,"minecraft:gold_ingot":244,"minecraft:netherite_ingot":7,"minecraft:shears":1,"minecraft:cookie":144,"minecraft:raw_iron":45,"minecraft:tripwire_hook":2,"minecraft:netherite_sword":1,"minecraft:diamond_hoe":1,"minecraft:furnace":3,"minecraft:bone_meal":255,"minecraft:oak_trapdoor":2,"minecraft:flint_and_steel":1,"minecraft:netherite_chestplate":2,"minecraft:netherite_leggings":2,"minecraft:polished_deepslate":64,"minecraft:ender_pearl":11,"minecraft:stone_pickaxe":1,"minecraft:eye_armor_trim_smithing_template":2,"minecraft:diamond_boots":3,"minecraft:spruce_boat":7,"minecraft:netherite_scrap":30,"minecraft:glistering_melon_slice":21,"minecraft:wheat":117,"minecraft:crossbow":5,"minecraft:netherite_pickaxe":1,"minecraft:diamond_sword":1,"minecraft:bucket":3,"minecraft:stone_axe":1,"minecraft:glowstone":6,"minecraft:enchanted_book":15,"minecraft:air":0,"minecraft:bread":81,"minecraft:white_wool":7,"minecraft:netherite_shovel":1,"minecraft:anvil":2,"minecraft:pumpkin_pie":48,"minecraft:torch":76,"minecraft:diamond_chestplate":2,"minecraft:firework_rocket":39},"minecraft:used":{"minecraft:polished_deepslate":64,"minecraft:elytra":1,"minecraft:diamond_hoe":1649,"minecraft:chest":54,"minecraft:shield":61,"minecraft:stone":15,"minecraft:iron_sword":4,"minecraft:soul_sand":7,"minecraft:obsidian":13,"minecraft:honey_bottle":4,"minecraft:snowball":72,"minecraft:spruce_boat":23,"minecraft:netherite_shovel":229,"minecraft:villager_spawn_egg":2,"minecraft:item_frame":6,"minecraft:bow":105,"minecraft:ominous_bottle":1,"minecraft:furnace":3,"minecraft:egg":15,"minecraft:diorite":2,"minecraft:diamond_boots":1,"minecraft:end_stone_bricks":4,"minecraft:stone_pickaxe":3,"minecraft:oak_planks":96,"minecraft:blackstone":16,"minecraft:ender_pearl":27,"minecraft:wooden_pickaxe":17,"minecraft:diamond_axe":2395,"minecraft:sugar_cane":29,"minecraft:purpur_pillar":51,"minecraft:cookie":80,"minecraft:golden_apple":1,"minecraft:sand":2,"minecraft:purpur_stairs":18,"minecraft:blast_furnace":4,"minecraft:end_stone":56,"minecraft:shears":9,"minecraft:polished_tuff":1,"minecraft:lever":1,"minecraft:firework_rocket":23,"minecraft:crying_obsidian":4,"minecraft:string":29,"minecraft:bread":91,"minecraft:lectern":231,"minecraft:gravel":45,"minecraft:diamond_sword":1087,"minecraft:smithing_table":1,"minecraft:air":1,"minecraft:bone_meal":3,"minecraft:purpur_block":37,"minecraft:oak_trapdoor":2,"minecraft:enchanting_table":1,"minecraft:netherite_sword":402,"minecraft:iron_bars":2,"minecraft:flint_and_steel":1,"minecraft:spruce_planks":178,"minecraft:ender_chest":2,"minecraft:stone_hoe":57,"minecraft:trial_key":4,"minecraft:netherrack":959,"minecraft:dragon_egg":1,"minecraft:torch":129,"minecraft:brewing_stand":3,"minecraft:dirt":2664,"minecraft:anvil":5,"minecraft:white_carpet":160,"minecraft:hopper":19,"minecraft:shulker_box":3,"minecraft:bookshelf":28,"minecraft:oak_stairs":10,"minecraft:smooth_basalt":12,"minecraft:tripwire_hook":2,"minecraft:glowstone":6,"minecraft:basalt":15,"minecraft:golden_carrot":14,"minecraft:soul_soil":57,"minecraft:minecart":10,"minecraft:netherite_pickaxe":139,"minecraft:cooked_beef":12,"minecraft:cobbled_deepslate":101,"minecraft:enchanted_golden_apple":1,"minecraft:water_bucket":90,"minecraft:cobblestone_stairs":2,"minecraft:glass_bottle":3,"minecraft:baked_potato":10,"minecraft:fletching_table":35,"minecraft:polished_blackstone_bricks":34,"minecraft:rail":5,"minecraft:crafting_table":16,"minecraft:white_bed":2,"minecraft:endermite_spawn_egg":2,"minecraft:spruce_log":2,"minecraft:oak_log":2,"minecraft:ender_eye":11,"minecraft:diamond_pickaxe":4348,"minecraft:ominous_trial_key":4,"minecraft:diamond_shovel":4879,"minecraft:cracked_polished_blackstone_bricks":4,"minecraft:iron_pickaxe":190,"minecraft:purpur_slab":5,"minecraft:spruce_trapdoor":8,"minecraft:spruce_sapling":30,"minecraft:stone_axe":31,"minecraft:potion":9,"minecraft:cobblestone":487,"minecraft:bucket":89,"minecraft:pumpkin_pie":55,"minecraft:yellow_bed":11},"minecraft:custom":{"minecraft:interact_with_crafting_table":116,"minecraft:open_barrel":2,"minecraft:open_shulker_box":22,"minecraft:leave_game":16,"minecraft:time_since_death":152286,"minecraft:damage_resisted":148,"minecraft:sprint_one_cm":1335801,"minecraft:damage_blocked_by_shield":1686,"minecraft:drop":438,"minecraft:talked_to_villager":421,"minecraft:play_time":992678,"minecraft:deaths":9,"minecraft:jump":14260,"minecraft:interact_with_brewingstand":5,"minecraft:walk_on_water_one_cm":338192,"minecraft:enchant_item":6,"minecraft:interact_with_furnace":36,"minecraft:traded_with_villager":380,"minecraft:sleep_in_bed":33,"minecraft:open_enderchest":31,"minecraft:damage_dealt":65386,"minecraft:player_kills":2,"minecraft:crouch_one_cm":178762,"minecraft:inspect_dispenser":13,"minecraft:interact_with_smithing_table":21,"minecraft:interact_with_anvil":45,"minecraft:mob_kills":1245,"minecraft:inspect_hopper":4,"minecraft:climb_one_cm":21359,"minecraft:walk_one_cm":2915253,"minecraft:raid_win":1,"minecraft:sneak_time":56290,"minecraft:walk_under_water_one_cm":43523,"minecraft:boat_one_cm":436722,"minecraft:total_world_time":992678,"minecraft:time_since_rest":12810,"minecraft:damage_taken":19209,"minecraft:damage_absorbed":200,"minecraft:swim_one_cm":60310,"minecraft:fly_one_cm":3675664,"minecraft:open_chest":605,"minecraft:aviate_one_cm":1791776,"minecraft:fall_one_cm":264960},"minecraft:broken":{"minecraft:diamond_helmet":1,"minecraft:iron_helmet":1},"minecraft:dropped":{"minecraft:iron_sword":1,"minecraft:soul_sand":25,"minecraft:brown_mushroom":1,"minecraft:porkchop":2,"minecraft:diamond_axe":1,"minecraft:cooked_beef":6,"minecraft:ender_pearl":181,"minecraft:glass_bottle":2,"minecraft:diamond":16,"minecraft:crafting_table":1,"minecraft:cracked_stone_bricks":8,"minecraft:elytra":2,"minecraft:music_disc_creator_music_box":1,"minecraft:flint":3,"minecraft:cobblestone_stairs":2,"minecraft:dirt":154,"minecraft:scrape_pottery_sherd":1,"minecraft:snout_armor_trim_smithing_template":1,"minecraft:snowball":1,"minecraft:pumpkin_pie":50,"minecraft:bone_meal":60,"minecraft:sand":99,"minecraft:polished_blackstone_bricks":4,"minecraft:iron_pickaxe":2,"minecraft:bone":39,"minecraft:gold_ingot":4,"minecraft:oak_door":1,"minecraft:gravel":49,"minecraft:stone_axe":2,"minecraft:purpur_block":2,"minecraft:sugar_cane":12,"minecraft:cooked_chicken":1,"minecraft:chiseled_tuff_bricks":2,"minecraft:cobbled_deepslate":69,"minecraft:wheat":2,"minecraft:obsidian":4,"minecraft:rotten_flesh":42,"minecraft:oak_planks":43,"minecraft:waxed_copper_block":4,"minecraft:shulker_shell":1,"minecraft:poppy":10,"minecraft:oak_fence_gate":3,"minecraft:gunpowder":5,"minecraft:chest":2,"minecraft:iron_bars":2,"minecraft:spire_armor_trim_smithing_template":1,"minecraft:basalt":39,"minecraft:arrow":67,"minecraft:chiseled_tuff":2,"minecraft:crying_obsidian":2,"minecraft:enchanting_table":1,"minecraft:netherrack":124,"minecraft:firework_rocket":17,"minecraft:egg":3,"minecraft:water_bucket":3,"minecraft:bread":61,"minecraft:iron_ingot":12,"minecraft:oak_slab":2,"minecraft:wheat_seeds":31,"minecraft:golden_helmet":1,"minecraft:mossy_cobblestone":25,"minecraft:minecart":1,"minecraft:bookshelf":64,"minecraft:deepslate_diamond_ore":11,"minecraft:diamond_leggings":2,"minecraft:oak_fence":17,"minecraft:cobblestone":107,"minecraft:book":5,"minecraft:sculk_vein":2,"minecraft:granite":37,"minecraft:ominous_trial_key":1,"minecraft:coal":27,"minecraft:stick":67,"minecraft:oxeye_daisy":1,"minecraft:lava_bucket":1,"minecraft:diorite":33,"minecraft:golden_carrot":8,"minecraft:wooden_axe":3,"minecraft:iron_door":2,"minecraft:waxed_oxidized_copper":2,"minecraft:potion":3,"minecraft:iron_leggings":7,"minecraft:oak_stairs":3,"minecraft:iron_axe":1,"minecraft:iron_shovel":2,"minecraft:string":67,"minecraft:bucket":1,"minecraft:spruce_sapling":17,"minecraft:dandelion":1,"minecraft:smooth_basalt":4,"minecraft:purpur_pillar":1,"minecraft:anvil":1,"minecraft:kelp":1,"minecraft:tuff_bricks":40,"minecraft:soul_soil":2,"minecraft:soul_torch":1,"minecraft:bamboo_hanging_sign":2,"minecraft:diamond_hoe":2,"minecraft:tuff":64,"minecraft:experience_bottle":2,"minecraft:raw_iron":166,"minecraft:white_carpet":20,"minecraft:iron_boots":1,"minecraft:name_tag":1,"minecraft:white_terracotta":31,"minecraft:deepslate_bricks":1,"minecraft:diamond_sword":2,"minecraft:stone":44,"minecraft:shield":3,"minecraft:flower_pot":1,"minecraft:spruce_planks":63,"minecraft:iron_chestplate":3,"minecraft:diamond_pickaxe":2,"minecraft:andesite":39,"minecraft:mossy_stone_bricks":20,"minecraft:oak_sapling":6,"minecraft:waxed_oxidized_cut_copper":2,"minecraft:spider_eye":6,"minecraft:stone_bricks":17,"minecraft:spruce_log":2,"minecraft:bow":15,"minecraft:stone_pickaxe":1,"minecraft:wooden_pickaxe":1,"minecraft:calcite":9,"minecraft:waxed_oxidized_copper_trapdoor":2,"minecraft:brick":27},"minecraft:killed_by":{"minecraft:player":2,"minecraft:enderman":1,"minecraft:ender_dragon":3,"minecraft:warden":1},"minecraft:killed":{"minecraft:cave_spider":3,"minecraft:spider":33,"minecraft:shulker":25,"minecraft:skeleton":61,"minecraft:silverfish":5,"minecraft:piglin":1,"minecraft:pig":1,"minecraft:iron_golem":6,"minecraft:ender_dragon":1,"minecraft:creeper":8,"minecraft:pillager":8,"minecraft:zombie":58,"minecraft:stray":2,"minecraft:blaze":14,"minecraft:vindicator":2,"minecraft:drowned":2,"minecraft:ravager":1,"minecraft:hoglin":2,"minecraft:breeze":7,"minecraft:wither_skeleton":7,"minecraft:enderman":991},"minecraft:picked_up":{"minecraft:shulker_shell":14,"minecraft:iron_chestplate":9,"minecraft:wheat":6,"minecraft:ender_chest":2,"minecraft:anvil":1,"minecraft:flower_pot":1,"minecraft:smithing_table":1,"minecraft:diamond_sword":16,"minecraft:oak_stairs":242,"minecraft:enchanted_book":4,"minecraft:potion":14,"minecraft:nether_brick":28,"minecraft:brewing_stand":7,"minecraft:music_disc_cat":2,"minecraft:string":15910,"minecraft:soul_soil":107,"minecraft:iron_leggings":2,"minecraft:diamond_leggings":9,"minecraft:smooth_stone":8,"minecraft:gold_nugget":135,"minecraft:cobbled_deepslate":296,"minecraft:spruce_planks":472,"minecraft:bucket":2,"minecraft:eye_armor_trim_smithing_template":4,"minecraft:trial_key":10,"minecraft:calcite":9,"minecraft:azalea":2,"minecraft:enchanted_golden_apple":1,"minecraft:iron_boots":2,"minecraft:tipped_arrow":12,"minecraft:golden_helmet":7,"minecraft:stick":372,"minecraft:composter":5,"minecraft:oak_fence":41,"minecraft:torch":90,"minecraft:purpur_pillar":54,"minecraft:porkchop":5,"minecraft:waxed_copper_grate":2,"minecraft:diorite":185,"minecraft:stone_sword":1,"minecraft:honey_bottle":2,"minecraft:rotten_flesh":68,"minecraft:polished_basalt":10,"minecraft:end_rod":2,"minecraft:white_terracotta":61,"minecraft:blaze_rod":7,"minecraft:obsidian":20,"minecraft:iron_bars":13,"minecraft:snowball":50,"minecraft:blaze_powder":3,"minecraft:cobblestone":1317,"minecraft:magma_cream":2,"minecraft:magma_block":12,"minecraft:cooked_beef":4,"minecraft:iron_door":2,"minecraft:water_bucket":7,"minecraft:andesite":57,"minecraft:potato":27,"minecraft:flint":17,"minecraft:tuff":159,"minecraft:lapis_lazuli":90,"minecraft:dirt":2629,"minecraft:bone":47,"minecraft:bow":39,"minecraft:wheat_seeds":174,"minecraft:bolt_armor_trim_smithing_template":1,"minecraft:guster_banner_pattern":1,"minecraft:mossy_stone_bricks":20,"minecraft:fletching_table":33,"minecraft:diamond_helmet":1,"minecraft:glowstone_dust":6,"minecraft:stone_hoe":1,"minecraft:oak_planks":431,"minecraft:scrape_pottery_sherd":1,"minecraft:waxed_oxidized_copper_trapdoor":2,"minecraft:chiseled_polished_blackstone":1,"minecraft:sand":321,"minecraft:stripped_spruce_log":1,"minecraft:shulker_box":3,"minecraft:mossy_cobblestone":52,"minecraft:snout_armor_trim_smithing_template":6,"minecraft:deepslate":6,"minecraft:diamond":110,"minecraft:spruce_boat":18,"minecraft:cracked_polished_blackstone_bricks":12,"minecraft:granite":71,"minecraft:crossbow":1,"minecraft:breeze_rod":11,"minecraft:bone_meal":246,"minecraft:golden_apple":3,"minecraft:emerald":160,"minecraft:bread":227,"minecraft:oak_sapling":11,"minecraft:netherrack":1299,"minecraft:bricks":1,"minecraft:ominous_trial_key":2,"minecraft:diamond_pickaxe":11,"minecraft:end_stone_bricks":4,"minecraft:waxed_oxidized_cut_copper":2,"minecraft:crafting_table":15,"minecraft:ominous_bottle":1,"minecraft:ladder":10,"minecraft:clay_ball":76,"minecraft:brown_mushroom":20,"minecraft:wooden_pickaxe":1,"minecraft:gold_block":21,"minecraft:music_disc_creator":1,"minecraft:dragon_head":1,"minecraft:purpur_block":39,"minecraft:brick":27,"minecraft:shield":14,"minecraft:wind_charge":10,"minecraft:flint_and_steel":1,"minecraft:oak_trapdoor":16,"minecraft:elytra":8,"minecraft:flow_banner_pattern":2,"minecraft:iron_axe":2,"minecraft:white_carpet":20,"minecraft:item_frame":6,"minecraft:iron_shovel":8,"minecraft:blackstone":149,"minecraft:cracked_stone_bricks":10,"minecraft:deepslate_diamond_ore":18,"minecraft:oak_boat":3,"minecraft:chiseled_tuff":2,"minecraft:poppy":26,"minecraft:minecart":2,"minecraft:lectern":230,"minecraft:sugar_cane":104,"minecraft:chest":29,"minecraft:waxed_oxidized_copper":2,"minecraft:diamond_hoe":3,"minecraft:egg":5,"minecraft:raw_iron":245,"minecraft:end_stone":206,"minecraft:stone":103,"minecraft:oak_door":17,"minecraft:polished_blackstone_bricks":40,"minecraft:cookie":65,"minecraft:carrot":8,"minecraft:redstone":22,"minecraft:music_disc_creator_music_box":1,"minecraft:arrow":2633,"minecraft:diamond_chestplate":3,"minecraft:pumpkin_pie":265,"minecraft:shears":4,"minecraft:deepslate_bricks":1,"minecraft:diamond_boots":10,"minecraft:purpur_slab":17,"minecraft:hay_block":13,"minecraft:glistering_melon_slice":21,"minecraft:skeleton_skull":1,"minecraft:saddle":1,"minecraft:gold_ingot":19,"minecraft:tuff_bricks":40,"minecraft:white_wool":3,"minecraft:bone_block":132,"minecraft:rail":189,"minecraft:oxeye_daisy":5,"minecraft:stripped_oak_log":32,"minecraft:basalt":483,"minecraft:golden_carrot":15,"minecraft:leather":3,"minecraft:purpur_stairs":20,"minecraft:oak_log":338,"minecraft:waxed_copper_block":4,"minecraft:ancient_debris":36,"minecraft:cobblestone_wall":1,"minecraft:yellow_bed":11,"minecraft:gunpowder":18,"minecraft:cobblestone_stairs":23,"minecraft:sculk_vein":3,"minecraft:paper":28,"minecraft:white_banner":2,"minecraft:stone_bricks":18,"minecraft:kelp":1,"minecraft:iron_ingot":57,"minecraft:oak_fence_gate":3,"minecraft:cooked_chicken":1,"minecraft:stripped_oak_wood":1,"minecraft:iron_sword":2,"minecraft:soul_sand":46,"minecraft:book":2091,"minecraft:oak_slab":3,"minecraft:smooth_basalt":16,"minecraft:dandelion":10,"minecraft:raw_iron_block":5,"minecraft:gravel":184,"minecraft:soul_torch":1,"minecraft:spruce_sapling":52,"minecraft:blast_furnace":4,"minecraft:white_bed":2,"minecraft:spruce_log":597,"minecraft:crying_obsidian":6,"minecraft:spider_eye":13,"minecraft:polished_tuff":1,"minecraft:dragon_egg":2,"minecraft:firework_rocket":1,"minecraft:diamond_shovel":7,"minecraft:coal_ore":4,"minecraft:stone_axe":2,"minecraft:iron_helmet":2,"minecraft:diamond_axe":7,"minecraft:baked_potato":15,"minecraft:coal":58,"minecraft:chiseled_tuff_bricks":16,"minecraft:ender_pearl":440},"minecraft:mined":{"minecraft:dragon_wall_head":1,"minecraft:spruce_planks":40,"minecraft:white_bed":2,"minecraft:farmland":23,"minecraft:sculk_vein":61,"minecraft:cobblestone_stairs":17,"minecraft:brewing_stand":5,"minecraft:obsidian":16,"minecraft:granite":44,"minecraft:grass_block":1155,"minecraft:cracked_polished_blackstone_bricks":12,"minecraft:deepslate_bricks":1,"minecraft:soul_soil":38,"minecraft:purpur_slab":23,"minecraft:chiseled_tuff_bricks":19,"minecraft:hopper":1,"minecraft:composter":3,"minecraft:oxeye_daisy":3,"minecraft:tuff_bricks":71,"minecraft:spawner":3,"minecraft:gilded_blackstone":1,"minecraft:smooth_stone":8,"minecraft:polished_blackstone_bricks":43,"minecraft:tall_seagrass":1,"minecraft:raw_iron_block":5,"minecraft:magma_block":12,"minecraft:sculk_catalyst":1,"minecraft:glowstone":1,"minecraft:iron_ore":40,"minecraft:fire":45,"minecraft:cobbled_deepslate":1,"minecraft:polished_tuff":2,"minecraft:anvil":1,"minecraft:fletching_table":33,"minecraft:skeleton_wall_skull":1,"minecraft:cave_vines":1,"minecraft:dirt_path":357,"minecraft:iron_bars":2,"minecraft:oak_stairs":231,"minecraft:polished_tuff_slab":1,"minecraft:azalea":2,"minecraft:end_stone_bricks":5,"minecraft:tripwire":13,"minecraft:deepslate_redstone_ore":5,"minecraft:soul_wall_torch":1,"minecraft:brown_mushroom":7,"minecraft:blackstone":167,"minecraft:crimson_nylium":1,"minecraft:soul_fire":7,"minecraft:purpur_stairs":21,"minecraft:powder_snow":30,"minecraft:clay":10,"minecraft:torch":9,"minecraft:blast_furnace":4,"minecraft:poppy":3,"minecraft:calcite":12,"minecraft:chest":20,"minecraft:nether_quartz_ore":9,"minecraft:cobblestone":354,"minecraft:oak_planks":415,"minecraft:sugar_cane":36,"minecraft:bricks":1,"minecraft:iron_door":2,"minecraft:wall_torch":19,"minecraft:white_terracotta":62,"minecraft:seagrass":6,"minecraft:wheat":8,"minecraft:waxed_copper_block":8,"minecraft:stripped_oak_wood":2,"minecraft:purpur_block":47,"minecraft:oak_log":313,"minecraft:waxed_oxidized_copper":3,"minecraft:oak_fence_gate":3,"minecraft:sand":476,"minecraft:dirt":1112,"minecraft:smooth_basalt":17,"minecraft:ancient_debris":36,"minecraft:netherrack":1156,"minecraft:deepslate":403,"minecraft:oak_leaves":155,"minecraft:tuff":120,"minecraft:mossy_cobblestone":30,"minecraft:deepslate_diamond_ore":90,"minecraft:shulker_box":3,"minecraft:end_stone":57,"minecraft:ladder":1,"minecraft:decorated_pot":7,"minecraft:crimson_roots":2,"minecraft:redstone_wire":1,"minecraft:spruce_leaves":59,"minecraft:large_fern":2,"minecraft:hay_block":13,"minecraft:redstone_ore":2,"minecraft:oak_trapdoor":8,"minecraft:waxed_oxidized_cut_copper":3,"minecraft:carrots":2,"minecraft:waxed_copper_grate":2,"minecraft:polished_basalt":11,"minecraft:andesite":85,"minecraft:stripped_spruce_log":1,"minecraft:gold_block":24,"minecraft:bookshelf":358,"minecraft:deepslate_iron_ore":86,"minecraft:vine":1,"minecraft:rail":93,"minecraft:stripped_oak_log":32,"minecraft:stone":741,"minecraft:bone_block":57,"minecraft:ender_chest":2,"minecraft:podzol":15,"minecraft:smithing_table":1,"minecraft:oak_slab":3,"minecraft:waxed_exposed_copper_bulb":1,"minecraft:glass_pane":10,"minecraft:soul_sand":22,"minecraft:infested_stone_bricks":3,"minecraft:basalt":336,"minecraft:dandelion":9,"minecraft:oak_fence":29,"minecraft:crafting_table":12,"minecraft:short_grass":393,"minecraft:lectern":230,"minecraft:tall_grass":62,"minecraft:purpur_pillar":55,"minecraft:lapis_ore":8,"minecraft:sculk":1562,"minecraft:diorite":80,"minecraft:cobblestone_wall":1,"minecraft:waxed_oxidized_copper_grate":1,"minecraft:white_carpet":17,"minecraft:sweet_berry_bush":8,"minecraft:birch_leaves":6,"minecraft:spruce_log":590,"minecraft:yellow_bed":12,"minecraft:coal_ore":37,"minecraft:flower_pot":1,"minecraft:end_rod":2,"minecraft:gravel":162,"minecraft:sunflower":1,"minecraft:cobweb":46,"minecraft:cracked_stone_bricks":8,"minecraft:stone_bricks":11,"minecraft:mossy_stone_bricks":15,"minecraft:fern":9}},"DataVersion":3955}