{"stats":{"minecraft:crafted":{"minecraft:oak_planks":1340,"minecraft:blaze_powder":14,"minecraft:lever":1,"minecraft:diamond_shovel":2,"minecraft:bookshelf":14,"minecraft:diamond_helmet":1,"minecraft:diamond_leggings":2,"minecraft:bow":14,"minecraft:chest":25,"minecraft:stone_hoe":1,"minecraft:oak_slab":6,"minecraft:arrow":240,"minecraft:emerald":188,"minecraft:diamond_axe":2,"minecraft:crafting_table":5,"minecraft:spruce_planks":1148,"minecraft:wooden_pickaxe":1,"minecraft:fletching_table":2,"minecraft:lectern":1,"minecraft:iron_chestplate":1,"minecraft:diamond_pickaxe":2,"minecraft:stick":4280,"minecraft:iron_ingot":75,"minecraft:iron_pickaxe":1,"minecraft:iron_block":7,"minecraft:gold_ingot":82,"minecraft:shears":1,"minecraft:cookie":72,"minecraft:raw_iron":45,"minecraft:tripwire_hook":2,"minecraft:furnace":3,"minecraft:bone_meal":249,"minecraft:oak_trapdoor":2,"minecraft:flint_and_steel":1,"minecraft:stone_pickaxe":1,"minecraft:diamond_boots":2,"minecraft:spruce_boat":1,"minecraft:wheat":117,"minecraft:crossbow":5,"minecraft:diamond_sword":1,"minecraft:bucket":1,"minecraft:stone_axe":1,"minecraft:glowstone":6,"minecraft:enchanted_book":4,"minecraft:air":0,"minecraft:bread":81,"minecraft:white_wool":7,"minecraft:anvil":2,"minecraft:torch":76,"minecraft:diamond_chestplate":1},"minecraft:used":{"minecraft:chest":34,"minecraft:iron_sword":4,"minecraft:soul_sand":7,"minecraft:snowball":49,"minecraft:obsidian":10,"minecraft:spruce_boat":17,"minecraft:bow":47,"minecraft:furnace":3,"minecraft:stone_pickaxe":3,"minecraft:oak_planks":96,"minecraft:wooden_pickaxe":17,"minecraft:diamond_axe":1527,"minecraft:sugar_cane":12,"minecraft:cookie":9,"minecraft:sand":2,"minecraft:blast_furnace":1,"minecraft:shears":8,"minecraft:lever":1,"minecraft:crying_obsidian":4,"minecraft:bread":66,"minecraft:string":27,"minecraft:lectern":181,"minecraft:gravel":45,"minecraft:diamond_sword":388,"minecraft:bone_meal":3,"minecraft:oak_trapdoor":2,"minecraft:flint_and_steel":1,"minecraft:spruce_planks":60,"minecraft:stone_hoe":57,"minecraft:netherrack":456,"minecraft:torch":104,"minecraft:dirt":751,"minecraft:anvil":2,"minecraft:bookshelf":13,"minecraft:smooth_basalt":12,"minecraft:basalt":15,"minecraft:tripwire_hook":2,"minecraft:glowstone":6,"minecraft:golden_carrot":7,"minecraft:soul_soil":57,"minecraft:cobbled_deepslate":101,"minecraft:water_bucket":16,"minecraft:fletching_table":3,"minecraft:polished_blackstone_bricks":23,"minecraft:crafting_table":15,"minecraft:oak_log":2,"minecraft:diamond_pickaxe":2277,"minecraft:diamond_shovel":2527,"minecraft:cracked_polished_blackstone_bricks":4,"minecraft:iron_pickaxe":190,"minecraft:spruce_sapling":22,"minecraft:stone_axe":31,"minecraft:cobblestone":242,"minecraft:bucket":17,"minecraft:yellow_bed":4},"minecraft:custom":{"minecraft:interact_with_crafting_table":69,"minecraft:leave_game":6,"minecraft:time_since_death":452886,"minecraft:sprint_one_cm":610849,"minecraft:drop":225,"minecraft:talked_to_villager":277,"minecraft:play_time":452886,"minecraft:jump":6669,"minecraft:walk_on_water_one_cm":114631,"minecraft:interact_with_furnace":22,"minecraft:traded_with_villager":243,"minecraft:sleep_in_bed":17,"minecraft:damage_dealt":15972,"minecraft:crouch_one_cm":54830,"minecraft:mob_kills":89,"minecraft:interact_with_anvil":9,"minecraft:climb_one_cm":6196,"minecraft:walk_one_cm":1448221,"minecraft:sneak_time":18829,"minecraft:walk_under_water_one_cm":17331,"minecraft:boat_one_cm":398119,"minecraft:total_world_time":452886,"minecraft:time_since_rest":81099,"minecraft:damage_taken":7248,"minecraft:swim_one_cm":26119,"minecraft:fly_one_cm":1181927,"minecraft:open_chest":171,"minecraft:fall_one_cm":115614},"minecraft:broken":{"minecraft:diamond_helmet":1},"minecraft:dropped":{"minecraft:soul_sand":25,"minecraft:porkchop":2,"minecraft:diamond":16,"minecraft:crafting_table":1,"minecraft:cracked_stone_bricks":8,"minecraft:flint":3,"minecraft:dirt":60,"minecraft:bone_meal":60,"minecraft:sand":99,"minecraft:polished_blackstone_bricks":4,"minecraft:iron_pickaxe":1,"minecraft:gold_ingot":4,"minecraft:oak_door":1,"minecraft:gravel":49,"minecraft:stone_axe":1,"minecraft:cobbled_deepslate":66,"minecraft:wheat":2,"minecraft:obsidian":4,"minecraft:rotten_flesh":8,"minecraft:oak_planks":10,"minecraft:poppy":7,"minecraft:oak_fence_gate":3,"minecraft:crying_obsidian":2,"minecraft:netherrack":107,"minecraft:egg":2,"minecraft:water_bucket":1,"minecraft:bread":58,"minecraft:oak_slab":2,"minecraft:wheat_seeds":23,"minecraft:mossy_cobblestone":20,"minecraft:oak_fence":17,"minecraft:cobblestone":94,"minecraft:granite":6,"minecraft:stick":31,"minecraft:oxeye_daisy":1,"minecraft:lava_bucket":1,"minecraft:golden_carrot":4,"minecraft:iron_door":2,"minecraft:oak_stairs":3,"minecraft:string":22,"minecraft:bucket":1,"minecraft:spruce_sapling":16,"minecraft:dandelion":1,"minecraft:smooth_basalt":1,"minecraft:kelp":1,"minecraft:soul_soil":2,"minecraft:tuff":64,"minecraft:raw_iron":165,"minecraft:white_terracotta":31,"minecraft:spruce_planks":61,"minecraft:andesite":30,"minecraft:mossy_stone_bricks":19,"minecraft:oak_sapling":6,"minecraft:stone_bricks":17,"minecraft:spruce_log":2,"minecraft:bow":12,"minecraft:stone_pickaxe":1,"minecraft:wooden_pickaxe":1,"minecraft:calcite":9},"minecraft:killed":{"minecraft:cave_spider":3,"minecraft:spider":11,"minecraft:skeleton":11,"minecraft:silverfish":2,"minecraft:iron_golem":4,"minecraft:creeper":3,"minecraft:zombie":27,"minecraft:stray":2,"minecraft:blaze":14,"minecraft:drowned":2,"minecraft:hoglin":2,"minecraft:wither_skeleton":7},"minecraft:picked_up":{"minecraft:wheat":4,"minecraft:smithing_table":1,"minecraft:oak_stairs":12,"minecraft:nether_brick":16,"minecraft:brewing_stand":1,"minecraft:string":15361,"minecraft:soul_soil":107,"minecraft:cobbled_deepslate":231,"minecraft:bucket":1,"minecraft:spruce_planks":123,"minecraft:calcite":9,"minecraft:azalea":2,"minecraft:iron_boots":1,"minecraft:tipped_arrow":1,"minecraft:golden_helmet":1,"minecraft:stick":83,"minecraft:composter":3,"minecraft:oak_fence":29,"minecraft:torch":47,"minecraft:porkchop":2,"minecraft:diorite":50,"minecraft:rotten_flesh":21,"minecraft:white_terracotta":31,"minecraft:blaze_rod":7,"minecraft:obsidian":14,"minecraft:snowball":50,"minecraft:cobblestone":623,"minecraft:water_bucket":1,"minecraft:iron_door":2,"minecraft:andesite":48,"minecraft:potato":15,"minecraft:flint":13,"minecraft:tuff":83,"minecraft:lapis_lazuli":38,"minecraft:dirt":1000,"minecraft:bone":4,"minecraft:bow":24,"minecraft:wheat_seeds":84,"minecraft:mossy_stone_bricks":19,"minecraft:fletching_table":1,"minecraft:oak_planks":315,"minecraft:chiseled_polished_blackstone":1,"minecraft:sand":170,"minecraft:stripped_spruce_log":1,"minecraft:mossy_cobblestone":24,"minecraft:diamond":109,"minecraft:spruce_boat":17,"minecraft:cracked_polished_blackstone_bricks":7,"minecraft:granite":10,"minecraft:bone_meal":30,"minecraft:golden_apple":1,"minecraft:emerald":77,"minecraft:bread":55,"minecraft:oak_sapling":11,"minecraft:netherrack":624,"minecraft:crafting_table":12,"minecraft:clay_ball":4,"minecraft:brown_mushroom":7,"minecraft:gold_block":10,"minecraft:shield":1,"minecraft:iron_axe":1,"minecraft:iron_shovel":1,"minecraft:blackstone":64,"minecraft:cracked_stone_bricks":10,"minecraft:oak_boat":1,"minecraft:poppy":8,"minecraft:lectern":180,"minecraft:sugar_cane":16,"minecraft:chest":9,"minecraft:egg":3,"minecraft:raw_iron":243,"minecraft:oak_door":2,"minecraft:polished_blackstone_bricks":29,"minecraft:carrot":8,"minecraft:arrow":203,"minecraft:shears":2,"minecraft:hay_block":13,"minecraft:gold_ingot":12,"minecraft:rail":93,"minecraft:bone_block":57,"minecraft:oxeye_daisy":1,"minecraft:stripped_oak_log":32,"minecraft:basalt":57,"minecraft:leather":3,"minecraft:oak_log":304,"minecraft:yellow_bed":4,"minecraft:gunpowder":1,"minecraft:cobblestone_stairs":4,"minecraft:stone_bricks":18,"minecraft:kelp":1,"minecraft:oak_fence_gate":3,"minecraft:iron_ingot":18,"minecraft:stripped_oak_wood":1,"minecraft:iron_sword":1,"minecraft:soul_sand":46,"minecraft:book":1161,"minecraft:smooth_basalt":13,"minecraft:dandelion":1,"minecraft:raw_iron_block":5,"minecraft:gravel":154,"minecraft:spruce_sapling":39,"minecraft:blast_furnace":1,"minecraft:spruce_log":274,"minecraft:crying_obsidian":6,"minecraft:spider_eye":5,"minecraft:coal":38},"minecraft:mined":{"minecraft:spruce_planks":7,"minecraft:farmland":21,"minecraft:cobblestone_stairs":4,"minecraft:brewing_stand":1,"minecraft:obsidian":15,"minecraft:granite":16,"minecraft:grass_block":572,"minecraft:cracked_polished_blackstone_bricks":6,"minecraft:soul_soil":38,"minecraft:composter":3,"minecraft:oxeye_daisy":1,"minecraft:gilded_blackstone":1,"minecraft:spawner":3,"minecraft:polished_blackstone_bricks":30,"minecraft:tall_seagrass":1,"minecraft:raw_iron_block":5,"minecraft:cobbled_deepslate":1,"minecraft:iron_ore":40,"minecraft:fire":29,"minecraft:fletching_table":1,"minecraft:cave_vines":1,"minecraft:dirt_path":286,"minecraft:oak_stairs":5,"minecraft:azalea":2,"minecraft:tripwire":11,"minecraft:deepslate_redstone_ore":5,"minecraft:brown_mushroom":6,"minecraft:blackstone":100,"minecraft:crimson_nylium":1,"minecraft:soul_fire":7,"minecraft:clay":1,"minecraft:torch":8,"minecraft:blast_furnace":1,"minecraft:calcite":9,"minecraft:poppy":1,"minecraft:chest":9,"minecraft:nether_quartz_ore":9,"minecraft:cobblestone":78,"minecraft:sugar_cane":6,"minecraft:oak_planks":306,"minecraft:iron_door":2,"minecraft:wall_torch":11,"minecraft:seagrass":3,"minecraft:white_terracotta":31,"minecraft:wheat":8,"minecraft:stripped_oak_wood":2,"minecraft:oak_log":281,"minecraft:oak_fence_gate":3,"minecraft:sand":300,"minecraft:dirt":125,"minecraft:smooth_basalt":13,"minecraft:netherrack":423,"minecraft:oak_leaves":129,"minecraft:deepslate":364,"minecraft:tuff":120,"minecraft:mossy_cobblestone":7,"minecraft:deepslate_diamond_ore":79,"minecraft:crimson_roots":2,"minecraft:spruce_leaves":51,"minecraft:large_fern":2,"minecraft:hay_block":13,"minecraft:carrots":2,"minecraft:andesite":76,"minecraft:stripped_spruce_log":1,"minecraft:gold_block":11,"minecraft:bookshelf":358,"minecraft:deepslate_iron_ore":86,"minecraft:vine":1,"minecraft:rail":93,"minecraft:stripped_oak_log":32,"minecraft:stone":547,"minecraft:bone_block":56,"minecraft:podzol":6,"minecraft:smithing_table":1,"minecraft:glass_pane":4,"minecraft:soul_sand":22,"minecraft:infested_stone_bricks":3,"minecraft:basalt":66,"minecraft:dandelion":4,"minecraft:oak_fence":29,"minecraft:crafting_table":11,"minecraft:short_grass":296,"minecraft:lectern":180,"minecraft:tall_grass":27,"minecraft:lapis_ore":8,"minecraft:diorite":65,"minecraft:sweet_berry_bush":8,"minecraft:spruce_log":264,"minecraft:yellow_bed":4,"minecraft:coal_ore":35,"minecraft:gravel":138,"minecraft:cobweb":36,"minecraft:cracked_stone_bricks":8,"minecraft:stone_bricks":11,"minecraft:mossy_stone_bricks":14,"minecraft:fern":2}},"DataVersion":3955}