{"stats":{"minecraft:crafted":{"minecraft:blaze_powder":64,"minecraft:lever":1,"minecraft:diamond_shovel":2,"minecraft:bookshelf":14,"minecraft:shulker_box":2,"minecraft:glass":32,"minecraft:diamond_helmet":1,"minecraft:diamond_leggings":2,"minecraft:netherite_boots":2,"minecraft:beacon":1,"minecraft:emerald":325,"minecraft:diamond_axe":3,"minecraft:fletching_table":2,"minecraft:lectern":1,"minecraft:iron_pickaxe":1,"minecraft:iron_block":13,"minecraft:gold_ingot":244,"minecraft:netherite_ingot":7,"minecraft:diamond_hoe":1,"minecraft:bone_meal":255,"minecraft:ender_pearl":11,"minecraft:stone_pickaxe":1,"minecraft:diamond_boots":4,"minecraft:eye_armor_trim_smithing_template":2,"minecraft:spruce_boat":7,"minecraft:dark_oak_planks":4,"minecraft:wheat":117,"minecraft:crossbow":5,"minecraft:netherite_pickaxe":1,"minecraft:glowstone":6,"minecraft:enchanted_book":18,"minecraft:white_bed":32,"minecraft:oak_planks":1452,"minecraft:bow":14,"minecraft:chest":35,"minecraft:netherite_helmet":2,"minecraft:netherite_upgrade_smithing_template":16,"minecraft:stone_hoe":1,"minecraft:ender_eye":25,"minecraft:oak_slab":6,"minecraft:arrow":240,"minecraft:crafting_table":6,"minecraft:spruce_planks":2528,"minecraft:wooden_pickaxe":1,"minecraft:gold_block":31,"minecraft:iron_chestplate":1,"minecraft:paper":33,"minecraft:diamond_pickaxe":2,"minecraft:emerald_block":7,"minecraft:stick":6996,"minecraft:iron_ingot":120,"minecraft:shears":1,"minecraft:cookie":144,"minecraft:raw_iron":45,"minecraft:tripwire_hook":2,"minecraft:netherite_sword":1,"minecraft:furnace":3,"minecraft:oak_trapdoor":2,"minecraft:flint_and_steel":1,"minecraft:netherite_chestplate":2,"minecraft:netherite_leggings":2,"minecraft:polished_deepslate":64,"minecraft:netherite_scrap":30,"minecraft:glistering_melon_slice":21,"minecraft:diamond_sword":1,"minecraft:bucket":4,"minecraft:stone_axe":1,"minecraft:air":0,"minecraft:bread":81,"minecraft:white_wool":135,"minecraft:netherite_shovel":1,"minecraft:anvil":2,"minecraft:pumpkin_pie":48,"minecraft:torch":76,"minecraft:end_crystal":4,"minecraft:diamond_chestplate":2,"minecraft:firework_rocket":39},"minecraft:used":{"minecraft:elytra":1,"minecraft:chest":54,"minecraft:stone":15,"minecraft:soul_sand":11,"minecraft:snowball":72,"minecraft:spruce_boat":23,"minecraft:netherite_shovel":348,"minecraft:villager_spawn_egg":10,"minecraft:bow":121,"minecraft:ominous_bottle":1,"minecraft:furnace":3,"minecraft:egg":15,"minecraft:diorite":2,"minecraft:end_stone_bricks":4,"minecraft:blackstone":16,"minecraft:wooden_pickaxe":17,"minecraft:purpur_pillar":51,"minecraft:cookie":80,"minecraft:golden_apple":1,"minecraft:sand":13,"minecraft:purpur_stairs":18,"minecraft:blast_furnace":4,"minecraft:crying_obsidian":4,"minecraft:lectern":238,"minecraft:diamond_sword":1087,"minecraft:smithing_table":1,"minecraft:oak_trapdoor":2,"minecraft:enchanting_table":1,"minecraft:iron_bars":2,"minecraft:netherrack":972,"minecraft:trial_key":4,"minecraft:torch":133,"minecraft:dragon_egg":1,"minecraft:brewing_stand":3,"minecraft:anvil":5,"minecraft:iron_block":7,"minecraft:totem_of_undying":2,"minecraft:smooth_basalt":12,"minecraft:basalt":15,"minecraft:tripwire_hook":2,"minecraft:glowstone":6,"minecraft:cobbled_deepslate":101,"minecraft:water_bucket":99,"minecraft:fletching_table":44,"minecraft:polished_blackstone_bricks":34,"minecraft:rail":5,"minecraft:crafting_table":16,"minecraft:white_bed":2,"minecraft:endermite_spawn_egg":2,"minecraft:spruce_log":2,"minecraft:oak_log":2,"minecraft:ender_eye":11,"minecraft:diamond_pickaxe":4348,"minecraft:diamond_shovel":4879,"minecraft:ominous_trial_key":4,"minecraft:iron_pickaxe":190,"minecraft:purpur_slab":5,"minecraft:spruce_trapdoor":8,"minecraft:spruce_sapling":30,"minecraft:cobblestone":489,"minecraft:potion":9,"minecraft:polished_deepslate":64,"minecraft:diamond_hoe":1649,"minecraft:shield":70,"minecraft:iron_sword":4,"minecraft:obsidian":13,"minecraft:honey_bottle":4,"minecraft:item_frame":6,"minecraft:red_carpet":2,"minecraft:gold_block":69,"minecraft:diamond_boots":1,"minecraft:wither_skeleton_skull":3,"minecraft:stone_pickaxe":3,"minecraft:oak_planks":96,"minecraft:ender_pearl":30,"minecraft:diamond_axe":2444,"minecraft:sugar_cane":29,"minecraft:end_stone":71,"minecraft:shears":9,"minecraft:polished_tuff":1,"minecraft:lever":1,"minecraft:firework_rocket":71,"minecraft:bread":91,"minecraft:string":29,"minecraft:deepslate":2,"minecraft:gravel":45,"minecraft:andesite":7,"minecraft:air":1,"minecraft:bone_meal":3,"minecraft:purpur_block":37,"minecraft:netherite_sword":1062,"minecraft:flint_and_steel":65,"minecraft:spruce_planks":178,"minecraft:ender_chest":2,"minecraft:stone_hoe":57,"minecraft:dirt":2689,"minecraft:white_carpet":160,"minecraft:hopper":19,"minecraft:shulker_box":7,"minecraft:dark_oak_planks":59,"minecraft:bookshelf":28,"minecraft:oak_stairs":10,"minecraft:golden_carrot":14,"minecraft:emerald_block":20,"minecraft:soul_soil":57,"minecraft:minecart":10,"minecraft:netherite_pickaxe":587,"minecraft:cooked_beef":74,"minecraft:enchanted_golden_apple":1,"minecraft:cobblestone_stairs":2,"minecraft:glass_bottle":4,"minecraft:baked_potato":10,"minecraft:beacon":1,"minecraft:cracked_polished_blackstone_bricks":4,"minecraft:stone_axe":31,"minecraft:end_crystal":4,"minecraft:bucket":99,"minecraft:yellow_bed":11,"minecraft:pumpkin_pie":55},"minecraft:custom":{"minecraft:interact_with_crafting_table":134,"minecraft:open_barrel":2,"minecraft:leave_game":19,"minecraft:time_since_death":306139,"minecraft:damage_blocked_by_shield":1867,"minecraft:play_time":1146531,"minecraft:deaths":9,"minecraft:jump":16347,"minecraft:enchant_item":23,"minecraft:interact_with_furnace":43,"minecraft:traded_with_villager":383,"minecraft:sleep_in_bed":34,"minecraft:damage_dealt":93060,"minecraft:inspect_dispenser":13,"minecraft:interact_with_smithing_table":21,"minecraft:interact_with_anvil":57,"minecraft:inspect_hopper":4,"minecraft:sneak_time":64328,"minecraft:total_world_time":1146531,"minecraft:time_since_rest":12426,"minecraft:swim_one_cm":93858,"minecraft:fly_one_cm":4532625,"minecraft:open_chest":683,"minecraft:fall_one_cm":339441,"minecraft:open_shulker_box":33,"minecraft:damage_resisted":148,"minecraft:sprint_one_cm":1594387,"minecraft:drop":632,"minecraft:talked_to_villager":446,"minecraft:interact_with_brewingstand":5,"minecraft:walk_on_water_one_cm":351713,"minecraft:open_enderchest":38,"minecraft:interact_with_beacon":5,"minecraft:player_kills":4,"minecraft:crouch_one_cm":196402,"minecraft:mob_kills":2473,"minecraft:climb_one_cm":21473,"minecraft:walk_one_cm":3410137,"minecraft:raid_win":1,"minecraft:walk_under_water_one_cm":70210,"minecraft:boat_one_cm":436722,"minecraft:damage_taken":26796,"minecraft:damage_absorbed":200,"minecraft:aviate_one_cm":3023698},"minecraft:broken":{"minecraft:diamond_helmet":1,"minecraft:iron_helmet":1,"minecraft:netherite_boots":1,"minecraft:flint_and_steel":1},"minecraft:dropped":{"minecraft:iron_sword":1,"minecraft:porkchop":2,"minecraft:cooked_beef":26,"minecraft:glass_bottle":3,"minecraft:diamond":27,"minecraft:crafting_table":1,"minecraft:cracked_stone_bricks":8,"minecraft:elytra":3,"minecraft:dragon_breath":1,"minecraft:music_disc_creator_music_box":1,"minecraft:red_carpet":64,"minecraft:dirt":154,"minecraft:scrape_pottery_sherd":1,"minecraft:snout_armor_trim_smithing_template":1,"minecraft:bone_meal":60,"minecraft:sand":99,"minecraft:iron_pickaxe":4,"minecraft:bone":39,"minecraft:oak_door":1,"minecraft:stone_axe":2,"minecraft:sugar_cane":12,"minecraft:cooked_chicken":1,"minecraft:cobbled_deepslate":69,"minecraft:wheat":2,"minecraft:blue_wool":2,"minecraft:obsidian":4,"minecraft:rotten_flesh":42,"minecraft:oak_planks":43,"minecraft:waxed_copper_block":4,"minecraft:chiseled_tuff":2,"minecraft:crying_obsidian":2,"minecraft:egg":3,"minecraft:iron_ingot":12,"minecraft:wheat_seeds":31,"minecraft:deepslate_diamond_ore":11,"minecraft:oak_fence":17,"minecraft:cobblestone":107,"minecraft:book":5,"minecraft:granite":37,"minecraft:coal":27,"minecraft:oxeye_daisy":1,"minecraft:lava_bucket":1,"minecraft:golden_carrot":8,"minecraft:wooden_axe":3,"minecraft:potion":3,"minecraft:oak_stairs":3,"minecraft:iron_shovel":2,"minecraft:string":75,"minecraft:spruce_sapling":17,"minecraft:purpur_pillar":1,"minecraft:soul_soil":2,"minecraft:soul_torch":1,"minecraft:bamboo_hanging_sign":2,"minecraft:deepslate":15,"minecraft:diamond_hoe":3,"minecraft:experience_bottle":2,"minecraft:white_carpet":23,"minecraft:iron_boots":1,"minecraft:name_tag":1,"minecraft:white_terracotta":31,"minecraft:diamond_sword":4,"minecraft:stone":44,"minecraft:flower_pot":1,"minecraft:spruce_planks":63,"minecraft:diamond_pickaxe":2,"minecraft:spider_eye":12,"minecraft:stone_bricks":17,"minecraft:bow":15,"minecraft:vex_armor_trim_smithing_template":2,"minecraft:waxed_oxidized_copper_trapdoor":2,"minecraft:soul_sand":25,"minecraft:brown_mushroom":1,"minecraft:diamond_axe":1,"minecraft:ender_pearl":1800,"minecraft:flint":3,"minecraft:cobblestone_stairs":2,"minecraft:snowball":1,"minecraft:pumpkin_pie":50,"minecraft:polished_blackstone_bricks":4,"minecraft:gold_ingot":4,"minecraft:gravel":49,"minecraft:purpur_block":2,"minecraft:blackstone":31,"minecraft:chiseled_tuff_bricks":2,"minecraft:diamond_shovel":2,"minecraft:shulker_shell":1,"minecraft:poppy":10,"minecraft:oak_fence_gate":3,"minecraft:gunpowder":5,"minecraft:chest":2,"minecraft:spire_armor_trim_smithing_template":1,"minecraft:basalt":39,"minecraft:iron_bars":2,"minecraft:arrow":67,"minecraft:netherrack":138,"minecraft:enchanting_table":1,"minecraft:firework_rocket":47,"minecraft:water_bucket":3,"minecraft:bread":61,"minecraft:oak_slab":2,"minecraft:golden_helmet":1,"minecraft:mossy_cobblestone":25,"minecraft:minecart":1,"minecraft:bookshelf":64,"minecraft:diamond_leggings":3,"minecraft:sculk_vein":2,"minecraft:spectral_arrow":21,"minecraft:ominous_trial_key":1,"minecraft:stick":67,"minecraft:diorite":33,"minecraft:iron_door":2,"minecraft:waxed_oxidized_copper":2,"minecraft:iron_leggings":8,"minecraft:iron_axe":1,"minecraft:bucket":1,"minecraft:dandelion":1,"minecraft:smooth_basalt":4,"minecraft:anvil":1,"minecraft:kelp":1,"minecraft:tuff_bricks":40,"minecraft:tuff":64,"minecraft:raw_iron":166,"minecraft:deepslate_bricks":1,"minecraft:shield":3,"minecraft:diamond_chestplate":2,"minecraft:iron_chestplate":3,"minecraft:andesite":39,"minecraft:mossy_stone_bricks":20,"minecraft:oak_sapling":6,"minecraft:waxed_oxidized_cut_copper":2,"minecraft:diamond_boots":2,"minecraft:spruce_log":2,"minecraft:stone_pickaxe":1,"minecraft:wooden_pickaxe":1,"minecraft:calcite":9,"minecraft:brick":27},"minecraft:killed_by":{"minecraft:ender_dragon":3,"minecraft:warden":1,"minecraft:player":2,"minecraft:enderman":1},"minecraft:killed":{"minecraft:cave_spider":3,"minecraft:shulker":25,"minecraft:skeleton":64,"minecraft:iron_golem":6,"minecraft:ender_dragon":2,"minecraft:pillager":8,"minecraft:zombie":65,"minecraft:evoker":1,"minecraft:vindicator":7,"minecraft:ravager":1,"minecraft:breeze":7,"minecraft:enderman":2135,"minecraft:spider":36,"minecraft:wither":1,"minecraft:silverfish":5,"minecraft:piglin":1,"minecraft:pig":1,"minecraft:creeper":8,"minecraft:stray":2,"minecraft:blaze":27,"minecraft:vex":2,"minecraft:drowned":4,"minecraft:hoglin":2,"minecraft:wither_skeleton":44},"minecraft:picked_up":{"minecraft:iron_chestplate":9,"minecraft:flower_pot":2,"minecraft:anvil":1,"minecraft:smithing_table":1,"minecraft:diamond_sword":18,"minecraft:oak_stairs":245,"minecraft:enchanted_book":4,"minecraft:brewing_stand":7,"minecraft:music_disc_cat":2,"minecraft:string":15926,"minecraft:soul_soil":117,"minecraft:diamond_leggings":10,"minecraft:cobbled_deepslate":297,"minecraft:gold_nugget":138,"minecraft:spruce_planks":517,"minecraft:trial_key":10,"minecraft:enchanted_golden_apple":1,"minecraft:golden_helmet":7,"minecraft:composter":5,"minecraft:purpur_pillar":54,"minecraft:waxed_copper_grate":2,"minecraft:stone_sword":6,"minecraft:honey_bottle":2,"minecraft:vex_armor_trim_smithing_template":3,"minecraft:polished_basalt":10,"minecraft:iron_block":2,"minecraft:end_rod":2,"minecraft:white_terracotta":61,"minecraft:blaze_rod":32,"minecraft:iron_bars":24,"minecraft:snowball":50,"minecraft:magma_block":12,"minecraft:cooked_beef":4,"minecraft:iron_door":2,"minecraft:water_bucket":8,"minecraft:flint":17,"minecraft:guster_banner_pattern":1,"minecraft:diamond_helmet":1,"minecraft:glowstone_dust":6,"minecraft:chiseled_polished_blackstone":1,"minecraft:stripped_spruce_log":1,"minecraft:dark_oak_log":1,"minecraft:snout_armor_trim_smithing_template":6,"minecraft:deepslate":41,"minecraft:granite":71,"minecraft:golden_horse_armor":1,"minecraft:bread":227,"minecraft:ominous_trial_key":2,"minecraft:bricks":1,"minecraft:diamond_pickaxe":11,"minecraft:crafting_table":15,"minecraft:ominous_bottle":1,"minecraft:nether_wart":31,"minecraft:clay_ball":76,"minecraft:music_disc_creator":1,"minecraft:dragon_head":1,"minecraft:purpur_block":39,"minecraft:wind_charge":10,"minecraft:elytra":8,"minecraft:flow_banner_pattern":2,"minecraft:flint_and_steel":1,"minecraft:white_carpet":48,"minecraft:iron_shovel":8,"minecraft:cracked_stone_bricks":10,"minecraft:netherite_sword":1,"minecraft:deepslate_diamond_ore":18,"minecraft:chiseled_tuff":2,"minecraft:poppy":26,"minecraft:minecart":2,"minecraft:chest":29,"minecraft:diamond_hoe":4,"minecraft:waxed_oxidized_copper":2,"minecraft:egg":5,"minecraft:stone":103,"minecraft:oak_door":17,"minecraft:carrot":8,"minecraft:redstone":22,"minecraft:music_disc_creator_music_box":1,"minecraft:diamond_chestplate":5,"minecraft:shears":4,"minecraft:deepslate_bricks":1,"minecraft:diamond_boots":13,"minecraft:hay_block":13,"minecraft:purpur_slab":17,"minecraft:gold_ingot":19,"minecraft:totem_of_undying":2,"minecraft:tuff_bricks":40,"minecraft:rail":189,"minecraft:bone_block":132,"minecraft:white_wool":324,"minecraft:oxeye_daisy":5,"minecraft:stripped_oak_log":32,"minecraft:purpur_stairs":20,"minecraft:oak_log":338,"minecraft:ancient_debris":36,"minecraft:sculk_vein":3,"minecraft:paper":28,"minecraft:white_banner":2,"minecraft:stone_bricks":18,"minecraft:kelp":1,"minecraft:oak_fence_gate":3,"minecraft:iron_sword":2,"minecraft:dark_oak_stairs":1,"minecraft:smooth_basalt":16,"minecraft:gravel":184,"minecraft:spruce_sapling":52,"minecraft:spruce_log":621,"minecraft:crying_obsidian":6,"minecraft:dragon_egg":2,"minecraft:polished_tuff":1,"minecraft:firework_rocket":15,"minecraft:diamond_shovel":9,"minecraft:coal_ore":4,"minecraft:stone_axe":2,"minecraft:diamond_axe":7,"minecraft:baked_potato":15,"minecraft:ender_pearl":2456,"minecraft:shulker_shell":14,"minecraft:wheat":6,"minecraft:ender_chest":3,"minecraft:potion":14,"minecraft:nether_brick":28,"minecraft:iron_leggings":3,"minecraft:smooth_stone":8,"minecraft:bucket":2,"minecraft:eye_armor_trim_smithing_template":4,"minecraft:calcite":9,"minecraft:azalea":2,"minecraft:iron_pickaxe":3,"minecraft:iron_boots":2,"minecraft:blue_wool":2,"minecraft:tipped_arrow":12,"minecraft:stick":372,"minecraft:oak_fence":41,"minecraft:torch":95,"minecraft:porkchop":5,"minecraft:diorite":185,"minecraft:rotten_flesh":103,"minecraft:obsidian":20,"minecraft:blaze_powder":3,"minecraft:cobblestone":1365,"minecraft:magma_cream":2,"minecraft:andesite":64,"minecraft:beacon":1,"minecraft:potato":27,"minecraft:tuff":159,"minecraft:wither_skeleton_skull":2,"minecraft:lapis_lazuli":200,"minecraft:dirt":2636,"minecraft:glass":4,"minecraft:bone":157,"minecraft:bow":39,"minecraft:wheat_seeds":174,"minecraft:bolt_armor_trim_smithing_template":1,"minecraft:mossy_stone_bricks":20,"minecraft:fletching_table":42,"minecraft:scrape_pottery_sherd":1,"minecraft:oak_planks":431,"minecraft:stone_hoe":1,"minecraft:waxed_oxidized_copper_trapdoor":2,"minecraft:sand":336,"minecraft:shulker_box":5,"minecraft:spectral_arrow":35,"minecraft:mossy_cobblestone":52,"minecraft:diamond":122,"minecraft:spruce_boat":18,"minecraft:cracked_polished_blackstone_bricks":12,"minecraft:crossbow":2,"minecraft:breeze_rod":11,"minecraft:bone_meal":246,"minecraft:golden_apple":3,"minecraft:emerald":174,"minecraft:oak_sapling":11,"minecraft:netherrack":1395,"minecraft:nether_star":1,"minecraft:end_stone_bricks":4,"minecraft:waxed_oxidized_cut_copper":2,"minecraft:ladder":10,"minecraft:brown_mushroom":20,"minecraft:wooden_pickaxe":1,"minecraft:gold_block":65,"minecraft:brick":27,"minecraft:shield":15,"minecraft:oak_trapdoor":16,"minecraft:iron_axe":3,"minecraft:item_frame":6,"minecraft:blackstone":180,"minecraft:oak_boat":3,"minecraft:lectern":237,"minecraft:sugar_cane":104,"minecraft:raw_iron":245,"minecraft:end_stone":274,"minecraft:polished_blackstone_bricks":40,"minecraft:cookie":65,"minecraft:dark_oak_planks":13,"minecraft:arrow":2697,"minecraft:nether_bricks":50,"minecraft:pumpkin_pie":265,"minecraft:saddle":2,"minecraft:glistering_melon_slice":21,"minecraft:skeleton_skull":1,"minecraft:basalt":483,"minecraft:golden_carrot":15,"minecraft:leather":3,"minecraft:waxed_copper_block":4,"minecraft:gunpowder":19,"minecraft:yellow_bed":11,"minecraft:cobblestone_wall":1,"minecraft:cobblestone_stairs":23,"minecraft:red_carpet":111,"minecraft:iron_ingot":66,"minecraft:cooked_chicken":1,"minecraft:stripped_oak_wood":1,"minecraft:soul_sand":58,"minecraft:book":2096,"minecraft:oak_slab":3,"minecraft:emerald_block":18,"minecraft:dandelion":11,"minecraft:raw_iron_block":5,"minecraft:soul_torch":1,"minecraft:blast_furnace":4,"minecraft:white_bed":2,"minecraft:spider_eye":19,"minecraft:iron_helmet":2,"minecraft:chiseled_tuff_bricks":16,"minecraft:coal":117},"minecraft:mined":{"minecraft:dark_oak_planks":7,"minecraft:dragon_wall_head":1,"minecraft:white_bed":2,"minecraft:obsidian":16,"minecraft:granite":44,"minecraft:deepslate_bricks":1,"minecraft:purpur_slab":23,"minecraft:chiseled_tuff_bricks":19,"minecraft:hopper":1,"minecraft:nether_wart":19,"minecraft:oxeye_daisy":3,"minecraft:spawner":6,"minecraft:polished_blackstone_bricks":43,"minecraft:tall_seagrass":1,"minecraft:magma_block":12,"minecraft:cobbled_deepslate":1,"minecraft:fire":50,"minecraft:fletching_table":40,"minecraft:cave_vines":1,"minecraft:dirt_path":358,"minecraft:oak_stairs":231,"minecraft:iron_block":2,"minecraft:tripwire":13,"minecraft:soul_wall_torch":1,"minecraft:brown_mushroom":7,"minecraft:crimson_nylium":1,"minecraft:soul_fire":10,"minecraft:powder_snow":30,"minecraft:torch":9,"minecraft:blast_furnace":4,"minecraft:sugar_cane":36,"minecraft:bricks":1,"minecraft:white_terracotta":62,"minecraft:wheat":8,"minecraft:waxed_copper_block":8,"minecraft:oak_fence_gate":3,"minecraft:smooth_basalt":17,"minecraft:deepslate":495,"minecraft:mossy_cobblestone":30,"minecraft:shulker_box":5,"minecraft:end_stone":122,"minecraft:nether_bricks":50,"minecraft:crimson_roots":2,"minecraft:redstone_wire":1,"minecraft:redstone_ore":2,"minecraft:waxed_oxidized_cut_copper":3,"minecraft:waxed_copper_grate":2,"minecraft:andesite":95,"minecraft:vine":1,"minecraft:rail":93,"minecraft:bone_block":57,"minecraft:ender_chest":3,"minecraft:smithing_table":1,"minecraft:oak_slab":3,"minecraft:glass_pane":10,"minecraft:soul_sand":35,"minecraft:dandelion":9,"minecraft:short_grass":393,"minecraft:purpur_pillar":55,"minecraft:tall_grass":62,"minecraft:diorite":81,"minecraft:cobblestone_wall":1,"minecraft:white_carpet":18,"minecraft:spruce_log":614,"minecraft:birch_leaves":6,"minecraft:sunflower":1,"minecraft:gravel":162,"minecraft:cobweb":48,"minecraft:stone_bricks":11,"minecraft:fern":9,"minecraft:spruce_planks":40,"minecraft:farmland":23,"minecraft:cobblestone_stairs":17,"minecraft:sculk_vein":61,"minecraft:brewing_stand":5,"minecraft:grass_block":1155,"minecraft:cracked_polished_blackstone_bricks":12,"minecraft:soul_soil":42,"minecraft:composter":3,"minecraft:tuff_bricks":71,"minecraft:gilded_blackstone":1,"minecraft:smooth_stone":8,"minecraft:raw_iron_block":5,"minecraft:glowstone":1,"minecraft:sculk_catalyst":1,"minecraft:iron_ore":40,"minecraft:polished_tuff":2,"minecraft:anvil":1,"minecraft:skeleton_wall_skull":1,"minecraft:iron_bars":2,"minecraft:polished_tuff_slab":1,"minecraft:azalea":2,"minecraft:end_stone_bricks":5,"minecraft:deepslate_redstone_ore":5,"minecraft:blackstone":167,"minecraft:purpur_stairs":21,"minecraft:clay":10,"minecraft:calcite":12,"minecraft:poppy":3,"minecraft:beacon":1,"minecraft:chest":20,"minecraft:nether_quartz_ore":9,"minecraft:cobblestone":355,"minecraft:oak_planks":415,"minecraft:iron_door":2,"minecraft:wall_torch":19,"minecraft:seagrass":6,"minecraft:stripped_oak_wood":2,"minecraft:purpur_block":47,"minecraft:oak_log":313,"minecraft:waxed_oxidized_copper":3,"minecraft:sand":497,"minecraft:dirt":1129,"minecraft:netherrack":1267,"minecraft:ancient_debris":36,"minecraft:oak_leaves":155,"minecraft:emerald_block":18,"minecraft:tuff":120,"minecraft:deepslate_diamond_ore":90,"minecraft:ladder":1,"minecraft:decorated_pot":7,"minecraft:spruce_leaves":59,"minecraft:large_fern":2,"minecraft:hay_block":13,"minecraft:oak_trapdoor":8,"minecraft:carrots":2,"minecraft:polished_basalt":11,"minecraft:stripped_spruce_log":1,"minecraft:gold_block":68,"minecraft:bookshelf":358,"minecraft:deepslate_iron_ore":86,"minecraft:stripped_oak_log":32,"minecraft:stone":786,"minecraft:podzol":15,"minecraft:waxed_exposed_copper_bulb":1,"minecraft:infested_stone_bricks":3,"minecraft:basalt":336,"minecraft:oak_fence":29,"minecraft:crafting_table":12,"minecraft:lectern":237,"minecraft:lapis_ore":8,"minecraft:sculk":1562,"minecraft:waxed_oxidized_copper_grate":1,"minecraft:sweet_berry_bush":8,"minecraft:yellow_bed":12,"minecraft:coal_ore":37,"minecraft:end_rod":2,"minecraft:flower_pot":1,"minecraft:cracked_stone_bricks":8,"minecraft:mossy_stone_bricks":15}},"DataVersion":3955}