{"stats":{"minecraft:crafted":{"minecraft:oak_planks":80,"minecraft:emerald":102,"minecraft:arrow":80,"minecraft:diamond_axe":1,"minecraft:crafting_table":1,"minecraft:spruce_planks":8,"minecraft:wooden_pickaxe":1,"minecraft:iron_helmet":1,"minecraft:stone_axe":1,"minecraft:enchanted_book":1,"minecraft:bread":60,"minecraft:oak_boat":1,"minecraft:bow":5,"minecraft:iron_boots":1,"minecraft:iron_chestplate":1,"minecraft:shield":1,"minecraft:iron_axe":1,"minecraft:stick":24,"minecraft:iron_pickaxe":1,"minecraft:stone_pickaxe":1,"minecraft:chest":2,"minecraft:iron_leggings":1,"minecraft:white_bed":1,"minecraft:torch":4},"minecraft:used":{"minecraft:stone_pickaxe":15,"minecraft:poppy":1,"minecraft:chest":2,"minecraft:wooden_pickaxe":16,"minecraft:diamond_axe":2,"minecraft:torch":5,"minecraft:dirt":9,"minecraft:crafting_table":3,"minecraft:white_bed":5,"minecraft:spruce_log":2,"minecraft:apple":3,"minecraft:iron_axe":19,"minecraft:bread":5,"minecraft:string":6,"minecraft:iron_pickaxe":15,"minecraft:stone_axe":36,"minecraft:cobblestone":3,"minecraft:bow":14,"minecraft:sweet_berries":41,"minecraft:oak_boat":3},"minecraft:custom":{"minecraft:interact_with_furnace":1,"minecraft:interact_with_anvil":3,"minecraft:mob_kills":8,"minecraft:traded_with_villager":123,"minecraft:interact_with_crafting_table":28,"minecraft:leave_game":14,"minecraft:time_since_death":2657,"minecraft:sleep_in_bed":6,"minecraft:time_since_rest":3208,"minecraft:sprint_one_cm":55373,"minecraft:damage_taken":1139,"minecraft:walk_one_cm":185326,"minecraft:drop":14,"minecraft:damage_dealt":902,"minecraft:swim_one_cm":13063,"minecraft:talked_to_villager":56,"minecraft:fly_one_cm":121765,"minecraft:open_chest":51,"minecraft:crouch_one_cm":176,"minecraft:play_time":73921,"minecraft:deaths":2,"minecraft:sneak_time":72,"minecraft:walk_under_water_one_cm":2961,"minecraft:boat_one_cm":93921,"minecraft:jump":884,"minecraft:walk_on_water_one_cm":18555,"minecraft:total_world_time":73921,"minecraft:fall_one_cm":11921},"minecraft:dropped":{"minecraft:cobblestone":38,"minecraft:book":28,"minecraft:apple":2,"minecraft:oxeye_daisy":2,"minecraft:poppy":2,"minecraft:dirt":64,"minecraft:spruce_planks":4,"minecraft:oak_sapling":3,"minecraft:arrow":1,"minecraft:dandelion":3},"minecraft:killed_by":{"minecraft:zombie":1,"minecraft:iron_golem":1},"minecraft:killed":{"minecraft:iron_golem":1,"minecraft:sheep":6,"minecraft:skeleton":1},"minecraft:picked_up":{"minecraft:iron_chestplate":1,"minecraft:crafting_table":4,"minecraft:oak_stairs":2,"minecraft:enchanted_book":1,"minecraft:oak_log":46,"minecraft:dirt":74,"minecraft:string":1568,"minecraft:flint_and_steel":2,"minecraft:iron_leggings":1,"minecraft:bone":3,"minecraft:apple":3,"minecraft:bow":2,"minecraft:iron_ingot":47,"minecraft:stone_pickaxe":1,"minecraft:oak_boat":3,"minecraft:poppy":3,"minecraft:iron_pickaxe":1,"minecraft:oak_planks":35,"minecraft:book":28,"minecraft:stick":1,"minecraft:sweet_berries":41,"minecraft:torch":4,"minecraft:dandelion":3,"minecraft:white_bed":4,"minecraft:spruce_log":4,"minecraft:rotten_flesh":4,"minecraft:iron_helmet":1,"minecraft:diamond_axe":2,"minecraft:emerald":48,"minecraft:oak_sapling":3,"minecraft:mutton":9,"minecraft:coal":11,"minecraft:white_wool":6,"minecraft:cobblestone":55,"minecraft:oxeye_daisy":2},"minecraft:mined":{"minecraft:white_bed":4,"minecraft:glass_pane":2,"minecraft:mossy_cobblestone":2,"minecraft:crafting_table":3,"minecraft:torch":4,"minecraft:grass_block":5,"minecraft:poppy":2,"minecraft:cobblestone":16,"minecraft:oak_planks":1,"minecraft:wall_torch":1,"minecraft:seagrass":1,"minecraft:sweet_berry_bush":20,"minecraft:spruce_log":4,"minecraft:oak_log":37,"minecraft:coal_ore":11,"minecraft:dirt_path":2,"minecraft:oak_stairs":6,"minecraft:dirt":4,"minecraft:stone":14,"minecraft:oak_leaves":8,"minecraft:tripwire":2}},"DataVersion":3955}