{"stats":{"minecraft:mined":{"minecraft:white_bed":1,"minecraft:spruce_planks":6,"minecraft:cobblestone_stairs":16,"minecraft:obsidian":3,"minecraft:cave_vines_plant":1,"minecraft:granite":6,"minecraft:budding_amethyst":2,"minecraft:chiseled_polished_blackstone":1,"minecraft:grass_block":63,"minecraft:cracked_polished_blackstone_bricks":3,"minecraft:soul_soil":100,"minecraft:chiseled_tuff_bricks":12,"minecraft:composter":1,"minecraft:tuff_bricks":15,"minecraft:polished_blackstone_bricks":5,"minecraft:iron_ore":15,"minecraft:fire":4,"minecraft:polished_tuff":1,"minecraft:waxed_oxidized_copper_bulb":1,"minecraft:enchanting_table":1,"minecraft:dirt_path":244,"minecraft:oak_stairs":84,"minecraft:end_stone_bricks":3,"minecraft:tripwire":6,"minecraft:blackstone":126,"minecraft:medium_amethyst_bud":1,"minecraft:amethyst_cluster":1,"minecraft:crimson_nylium":1,"minecraft:purpur_stairs":3,"minecraft:calcite":2,"minecraft:chest":4,"minecraft:nether_quartz_ore":18,"minecraft:cobblestone":185,"minecraft:sugar_cane":7,"minecraft:oak_planks":35,"minecraft:bricks":1,"minecraft:wall_torch":5,"minecraft:amethyst_block":7,"minecraft:seagrass":3,"minecraft:waxed_oxidized_copper_trapdoor":1,"minecraft:wheat":83,"minecraft:waxed_copper_block":7,"minecraft:purpur_block":43,"minecraft:oak_log":68,"minecraft:beetroots":2,"minecraft:waxed_oxidized_copper":3,"minecraft:dirt":221,"minecraft:netherrack":369,"minecraft:ancient_debris":1,"minecraft:oak_leaves":7,"minecraft:deepslate":57,"minecraft:nether_gold_ore":8,"minecraft:mossy_cobblestone":23,"minecraft:oak_door":2,"minecraft:end_stone":10,"minecraft:decorated_pot":14,"minecraft:crimson_roots":1,"minecraft:spruce_leaves":117,"minecraft:moss_block":10,"minecraft:waxed_oxidized_cut_copper":5,"minecraft:spruce_sapling":4,"minecraft:furnace":3,"minecraft:carrots":9,"minecraft:waxed_copper_grate":4,"minecraft:snow":28,"minecraft:andesite":45,"minecraft:gold_block":1,"minecraft:chiseled_tuff":1,"minecraft:bell":2,"minecraft:bookshelf":19,"minecraft:potatoes":12,"minecraft:deepslate_iron_ore":8,"minecraft:stripped_oak_log":1,"minecraft:stone":265,"minecraft:bone_block":42,"minecraft:podzol":3,"minecraft:glass_pane":12,"minecraft:soul_sand":20,"minecraft:magenta_stained_glass":2,"minecraft:basalt":20,"minecraft:oak_fence":1,"minecraft:crafting_table":2,"minecraft:short_grass":12,"minecraft:purpur_pillar":28,"minecraft:tall_grass":1,"minecraft:diorite":42,"minecraft:sweet_berry_bush":6,"minecraft:spruce_log":82,"minecraft:yellow_bed":3,"minecraft:coal_ore":41,"minecraft:gravel":124,"minecraft:cracked_stone_bricks":1,"minecraft:stone_bricks":3,"minecraft:mossy_stone_bricks":1,"minecraft:fern":1},"minecraft:custom":{"minecraft:interact_with_crafting_table":56,"minecraft:open_barrel":7,"minecraft:open_shulker_box":2,"minecraft:bell_ring":1,"minecraft:leave_game":10,"minecraft:time_since_death":109515,"minecraft:sprint_one_cm":1226170,"minecraft:damage_blocked_by_shield":895,"minecraft:drop":349,"minecraft:talked_to_villager":143,"minecraft:play_time":532712,"minecraft:deaths":15,"minecraft:jump":7287,"minecraft:interact_with_brewingstand":1,"minecraft:walk_on_water_one_cm":123651,"minecraft:interact_with_furnace":29,"minecraft:traded_with_villager":645,"minecraft:sleep_in_bed":25,"minecraft:damage_dealt":9737,"minecraft:player_kills":1,"minecraft:crouch_one_cm":29194,"minecraft:inspect_dispenser":2,"minecraft:interact_with_anvil":7,"minecraft:mob_kills":43,"minecraft:climb_one_cm":13601,"minecraft:walk_one_cm":1123098,"minecraft:sneak_time":20178,"minecraft:walk_under_water_one_cm":34533,"minecraft:boat_one_cm":273542,"minecraft:interact_with_blast_furnace":1,"minecraft:total_world_time":532712,"minecraft:time_since_rest":46211,"minecraft:damage_taken":10957,"minecraft:swim_one_cm":89942,"minecraft:fly_one_cm":1595185,"minecraft:open_chest":239,"minecraft:aviate_one_cm":117209,"minecraft:fall_one_cm":173769},"minecraft:broken":{"minecraft:iron_shovel":2,"minecraft:diamond_shovel":1,"minecraft:stone_axe":1,"minecraft:diamond_axe":1,"minecraft:iron_axe":1},"minecraft:used":{"minecraft:beetroot":2,"minecraft:tuff_bricks":1,"minecraft:iron_shovel":1070,"minecraft:elytra":3,"minecraft:chest":5,"minecraft:shield":26,"minecraft:iron_sword":57,"minecraft:bell":1,"minecraft:iron_chestplate":4,"minecraft:soul_sand":5,"minecraft:mutton":4,"minecraft:crafter":1,"minecraft:carrot":8,"minecraft:waxed_copper_grate":2,"minecraft:snowball":27,"minecraft:waxed_oxidized_copper":3,"minecraft:lava_bucket":15,"minecraft:iron_helmet":3,"minecraft:stone_bricks":3,"minecraft:item_frame":3,"minecraft:bow":83,"minecraft:sweet_berries":10,"minecraft:oak_sapling":1,"minecraft:furnace":1,"minecraft:potato":12,"minecraft:mossy_stone_bricks":1,"minecraft:diorite":51,"minecraft:diamond_boots":1,"minecraft:oak_planks":9,"minecraft:ender_pearl":8,"minecraft:blackstone":192,"minecraft:sugar_cane":3,"minecraft:diamond_axe":192,"minecraft:purpur_pillar":19,"minecraft:cookie":16,"minecraft:crossbow":3,"minecraft:end_stone":5,"minecraft:lever":1,"minecraft:bread":53,"minecraft:string":22,"minecraft:gravel":61,"minecraft:golden_helmet":1,"minecraft:chiseled_tuff_bricks":17,"minecraft:fire_charge":1,"minecraft:diamond_sword":103,"minecraft:andesite":3,"minecraft:bone_meal":30,"minecraft:purpur_block":23,"minecraft:enchanting_table":2,"minecraft:spruce_planks":49,"minecraft:trial_key":3,"minecraft:netherrack":190,"minecraft:dragon_egg":1,"minecraft:torch":2,"minecraft:dirt":245,"minecraft:diamond_helmet":1,"minecraft:bookshelf":37,"minecraft:iron_axe":458,"minecraft:oak_stairs":71,"minecraft:iron_boots":4,"minecraft:diamond_chestplate":1,"minecraft:basalt":22,"minecraft:soul_soil":18,"minecraft:cobbled_deepslate":45,"minecraft:golden_axe":11,"minecraft:iron_leggings":5,"minecraft:wheat_seeds":42,"minecraft:water_bucket":25,"minecraft:cobblestone_stairs":50,"minecraft:baked_potato":4,"minecraft:fletching_table":10,"minecraft:waxed_copper_block":10,"minecraft:cracked_stone_bricks":1,"minecraft:mossy_cobblestone":4,"minecraft:crafting_table":2,"minecraft:white_bed":1,"minecraft:diamond_pickaxe":696,"minecraft:apple":22,"minecraft:diamond_shovel":131,"minecraft:wind_charge":4,"minecraft:chicken":1,"minecraft:iron_pickaxe":848,"minecraft:purpur_slab":4,"minecraft:spruce_sapling":23,"minecraft:stone_axe":48,"minecraft:cobblestone":105,"minecraft:potion":3,"minecraft:bucket":39,"minecraft:pumpkin_pie":30,"minecraft:yellow_bed":3,"minecraft:waxed_oxidized_copper_bulb":1,"minecraft:diamond_leggings":1},"minecraft:dropped":{"minecraft:iron_sword":2,"minecraft:soul_sand":29,"minecraft:diamond_axe":1,"minecraft:oak_log":20,"minecraft:glass_bottle":5,"minecraft:diamond":13,"minecraft:crossbow":7,"minecraft:elytra":2,"minecraft:emerald":279,"minecraft:cobblestone_stairs":6,"minecraft:cracked_polished_blackstone_bricks":2,"minecraft:dirt":582,"minecraft:scrape_pottery_sherd":4,"minecraft:mutton":2,"minecraft:crimson_roots":2,"minecraft:snowball":1,"minecraft:gilded_blackstone":1,"minecraft:pumpkin_pie":46,"minecraft:polished_blackstone_bricks":5,"minecraft:sugar":1,"minecraft:iron_pickaxe":3,"minecraft:bone":9,"minecraft:gold_ingot":18,"minecraft:oak_door":2,"minecraft:gravel":41,"minecraft:chiseled_polished_blackstone":1,"minecraft:stone_axe":1,"minecraft:sugar_cane":17,"minecraft:iron_nugget":13,"minecraft:cobbled_deepslate":12,"minecraft:nether_brick":14,"minecraft:wheat":42,"minecraft:rotten_flesh":14,"minecraft:oak_planks":52,"minecraft:carrot":9,"minecraft:poppy":4,"minecraft:gunpowder":2,"minecraft:beetroot_seeds":6,"minecraft:chest":4,"minecraft:basalt":2,"minecraft:arrow":719,"minecraft:netherrack":258,"minecraft:egg":2,"minecraft:bread":67,"minecraft:iron_ingot":45,"minecraft:wheat_seeds":149,"minecraft:mossy_cobblestone":17,"minecraft:diamond_leggings":2,"minecraft:oak_fence":1,"minecraft:feather":2,"minecraft:cobblestone":242,"minecraft:book":191,"minecraft:waxed_copper_grate":2,"minecraft:granite":19,"minecraft:coal":9,"minecraft:stick":9,"minecraft:diorite":9,"minecraft:torch":15,"minecraft:waxed_oxidized_copper":3,"minecraft:fire_charge":1,"minecraft:iron_leggings":1,"minecraft:oak_stairs":14,"minecraft:iron_axe":1,"minecraft:iron_shovel":2,"minecraft:string":5652,"minecraft:spruce_sapling":8,"minecraft:dandelion":4,"minecraft:bricks":1,"minecraft:tuff_bricks":110,"minecraft:sweet_berries":5,"minecraft:soul_soil":66,"minecraft:stone_sword":2,"minecraft:composter":1,"minecraft:raw_iron":118,"minecraft:clay_ball":4,"minecraft:stripped_oak_log":1,"minecraft:white_terracotta":1,"minecraft:shears":1,"minecraft:potato":12,"minecraft:spruce_boat":4,"minecraft:diamond_chestplate":1,"minecraft:spruce_planks":60,"minecraft:iron_chestplate":1,"minecraft:diamond_pickaxe":1,"minecraft:andesite":26,"minecraft:waxed_oxidized_cut_copper":5,"minecraft:diamond_boots":2,"minecraft:spruce_log":18,"minecraft:bow":24,"minecraft:stone_pickaxe":1,"minecraft:bell":1,"minecraft:calcite":2,"minecraft:brick":6,"minecraft:waxed_oxidized_copper_trapdoor":1,"minecraft:guster_pottery_sherd":1},"minecraft:picked_up":{"minecraft:shulker_shell":2,"minecraft:iron_chestplate":9,"minecraft:wheat":46,"minecraft:flower_pot":1,"minecraft:diamond_sword":4,"minecraft:oak_stairs":85,"minecraft:potion":3,"minecraft:enchanted_book":2,"minecraft:gilded_blackstone":1,"minecraft:nether_brick":14,"minecraft:amethyst_block":6,"minecraft:string":10044,"minecraft:soul_soil":85,"minecraft:iron_leggings":13,"minecraft:beetroot":2,"minecraft:diamond_leggings":4,"minecraft:gold_nugget":54,"minecraft:cobbled_deepslate":121,"minecraft:bucket":1,"minecraft:spruce_planks":141,"minecraft:trial_key":3,"minecraft:calcite":2,"minecraft:iron_pickaxe":5,"minecraft:furnace":3,"minecraft:iron_boots":6,"minecraft:tipped_arrow":7,"minecraft:golden_helmet":1,"minecraft:stick":40,"minecraft:composter":1,"minecraft:oak_fence":1,"minecraft:torch":53,"minecraft:purpur_pillar":21,"minecraft:waxed_copper_grate":4,"minecraft:diorite":64,"minecraft:stone_sword":1,"minecraft:rotten_flesh":18,"minecraft:white_terracotta":1,"minecraft:obsidian":13,"minecraft:iron_bars":2,"minecraft:snowball":28,"minecraft:cobblestone":432,"minecraft:enchanting_table":1,"minecraft:feather":2,"minecraft:magma_cream":2,"minecraft:water_bucket":5,"minecraft:andesite":42,"minecraft:potato":12,"minecraft:flint":11,"minecraft:tuff":83,"minecraft:dirt":579,"minecraft:bone":9,"minecraft:bow":16,"minecraft:wheat_seeds":148,"minecraft:bell":4,"minecraft:bolt_armor_trim_smithing_template":1,"minecraft:mossy_stone_bricks":1,"minecraft:moss_block":3,"minecraft:scrape_pottery_sherd":4,"minecraft:oak_planks":128,"minecraft:waxed_oxidized_copper_trapdoor":1,"minecraft:chiseled_polished_blackstone":1,"minecraft:waxed_oxidized_copper_bulb":1,"minecraft:mossy_cobblestone":23,"minecraft:snout_armor_trim_smithing_template":1,"minecraft:sugar":1,"minecraft:diamond":9,"minecraft:spruce_boat":5,"minecraft:cracked_polished_blackstone_bricks":2,"minecraft:granite":19,"minecraft:crossbow":6,"minecraft:breeze_rod":2,"minecraft:bone_meal":30,"minecraft:emerald":197,"minecraft:bread":153,"minecraft:oak_sapling":1,"minecraft:ominous_trial_key":1,"minecraft:netherrack":634,"minecraft:bricks":1,"minecraft:crimson_roots":2,"minecraft:diamond_pickaxe":6,"minecraft:end_stone_bricks":3,"minecraft:waxed_oxidized_cut_copper":5,"minecraft:crafting_table":7,"minecraft:ominous_bottle":1,"minecraft:chicken":1,"minecraft:brown_mushroom":2,"minecraft:wooden_pickaxe":1,"minecraft:gold_block":2,"minecraft:purpur_block":28,"minecraft:brick":70,"minecraft:shield":8,"minecraft:wind_charge":4,"minecraft:elytra":5,"minecraft:iron_axe":3,"minecraft:iron_shovel":5,"minecraft:blackstone":383,"minecraft:cracked_stone_bricks":1,"minecraft:spire_armor_trim_smithing_template":1,"minecraft:iron_nugget":39,"minecraft:poppy":6,"minecraft:guster_pottery_sherd":1,"minecraft:sugar_cane":22,"minecraft:chest":5,"minecraft:waxed_oxidized_copper":6,"minecraft:egg":1,"minecraft:raw_iron":204,"minecraft:end_stone":35,"minecraft:oak_door":2,"minecraft:bamboo_hanging_sign":2,"minecraft:fire_charge":2,"minecraft:flow_pottery_sherd":2,"minecraft:polished_blackstone_bricks":5,"minecraft:carrot":9,"minecraft:redstone":15,"minecraft:arrow":643,"minecraft:beetroot_seeds":6,"minecraft:pumpkin_pie":176,"minecraft:diamond_boots":2,"minecraft:purpur_slab":7,"minecraft:gold_ingot":14,"minecraft:tuff_bricks":111,"minecraft:mutton":4,"minecraft:bone_block":42,"minecraft:white_wool":3,"minecraft:stripped_oak_log":1,"minecraft:basalt":102,"minecraft:golden_carrot":5,"minecraft:red_mushroom":3,"minecraft:purpur_stairs":1,"minecraft:oak_log":66,"minecraft:waxed_copper_block":11,"minecraft:ancient_debris":1,"minecraft:yellow_bed":4,"minecraft:gunpowder":2,"minecraft:cobblestone_stairs":16,"minecraft:apple":22,"minecraft:stone_bricks":3,"minecraft:iron_ingot":31,"minecraft:stone_pickaxe":2,"minecraft:glass_bottle":5,"minecraft:iron_sword":4,"minecraft:soul_sand":35,"minecraft:book":57,"minecraft:sweet_berries":15,"minecraft:quartz":25,"minecraft:dandelion":4,"minecraft:gravel":112,"minecraft:lava_bucket":1,"minecraft:amethyst_shard":4,"minecraft:spruce_sapling":38,"minecraft:white_bed":1,"minecraft:spruce_log":100,"minecraft:dragon_egg":2,"minecraft:diamond_shovel":2,"minecraft:stone_axe":2,"minecraft:iron_helmet":3,"minecraft:diamond_axe":7,"minecraft:chiseled_tuff_bricks":18,"minecraft:coal":82,"minecraft:ender_pearl":24},"minecraft:crafted":{"minecraft:oak_planks":184,"minecraft:cobblestone_stairs":40,"minecraft:lever":1,"minecraft:bookshelf":38,"minecraft:diamond_helmet":1,"minecraft:bow":13,"minecraft:iron_boots":2,"minecraft:chest":4,"minecraft:dropper":1,"minecraft:item_frame":3,"minecraft:emerald":486,"minecraft:arrow":672,"minecraft:diamond_axe":1,"minecraft:crafting_table":2,"minecraft:spruce_planks":232,"minecraft:iron_helmet":1,"minecraft:fletching_table":10,"minecraft:iron_chestplate":2,"minecraft:diamond_pickaxe":1,"minecraft:shield":2,"minecraft:stick":120,"minecraft:crafter":1,"minecraft:iron_ingot":105,"minecraft:iron_pickaxe":3,"minecraft:gold_ingot":18,"minecraft:shears":1,"minecraft:redstone":48,"minecraft:furnace":8,"minecraft:iron_axe":2,"minecraft:observer":1,"minecraft:crossbow":2,"minecraft:diamond_sword":1,"minecraft:enchanting_table":1,"minecraft:iron_sword":2,"minecraft:glowstone":12,"minecraft:enchanted_book":1,"minecraft:bread":152,"minecraft:flint":10,"minecraft:iron_shovel":4,"minecraft:iron_leggings":2,"minecraft:pumpkin_pie":60,"minecraft:torch":12,"minecraft:lapis_lazuli":24},"minecraft:killed_by":{"minecraft:zombie":2,"minecraft:enderman":2,"minecraft:ender_dragon":3,"minecraft:shulker":3},"minecraft:killed":{"minecraft:spider":4,"minecraft:shulker":1,"minecraft:skeleton":7,"minecraft:chicken":1,"minecraft:tropical_fish":1,"minecraft:magma_cube":5,"minecraft:piglin":1,"minecraft:salmon":3,"minecraft:iron_golem":3,"minecraft:zombie":8,"minecraft:breeze":1,"minecraft:villager":1,"minecraft:enderman":7}},"DataVersion":3955}