{"stats":{"minecraft:crafted":{"minecraft:oak_planks":184,"minecraft:redstone":48,"minecraft:furnace":8,"minecraft:cobblestone_stairs":40,"minecraft:bookshelf":16,"minecraft:diamond_helmet":1,"minecraft:bow":13,"minecraft:iron_boots":2,"minecraft:iron_axe":2,"minecraft:diamond_sword":1,"minecraft:arrow":672,"minecraft:emerald":387,"minecraft:diamond_axe":1,"minecraft:crafting_table":1,"minecraft:spruce_planks":96,"minecraft:enchanting_table":1,"minecraft:iron_helmet":1,"minecraft:iron_sword":2,"minecraft:fletching_table":10,"minecraft:glowstone":12,"minecraft:enchanted_book":1,"minecraft:bread":152,"minecraft:diamond_pickaxe":1,"minecraft:iron_chestplate":2,"minecraft:shield":2,"minecraft:stick":96,"minecraft:flint":10,"minecraft:iron_ingot":105,"minecraft:iron_pickaxe":3,"minecraft:gold_ingot":18,"minecraft:iron_shovel":4,"minecraft:iron_leggings":2,"minecraft:pumpkin_pie":60,"minecraft:shears":1,"minecraft:lapis_lazuli":24},"minecraft:used":{"minecraft:beetroot":2,"minecraft:enchanting_table":1,"minecraft:iron_shovel":968,"minecraft:chest":1,"minecraft:spruce_planks":47,"minecraft:shield":21,"minecraft:iron_sword":57,"minecraft:bell":1,"minecraft:netherrack":156,"minecraft:iron_chestplate":1,"minecraft:soul_sand":5,"minecraft:dirt":144,"minecraft:mutton":4,"minecraft:carrot":8,"minecraft:diamond_helmet":1,"minecraft:snowball":27,"minecraft:lava_bucket":15,"minecraft:bookshelf":16,"minecraft:iron_axe":425,"minecraft:oak_stairs":71,"minecraft:iron_helmet":3,"minecraft:iron_boots":3,"minecraft:basalt":22,"minecraft:bow":76,"minecraft:soul_soil":18,"minecraft:sweet_berries":10,"minecraft:oak_sapling":1,"minecraft:potato":12,"minecraft:cobbled_deepslate":45,"minecraft:iron_leggings":3,"minecraft:wheat_seeds":42,"minecraft:water_bucket":11,"minecraft:diorite":5,"minecraft:cobblestone_stairs":50,"minecraft:blackstone":122,"minecraft:oak_planks":9,"minecraft:diamond_axe":27,"minecraft:fletching_table":10,"minecraft:crafting_table":1,"minecraft:white_bed":1,"minecraft:diamond_pickaxe":614,"minecraft:diamond_shovel":131,"minecraft:chicken":1,"minecraft:bread":49,"minecraft:string":16,"minecraft:iron_pickaxe":570,"minecraft:spruce_sapling":23,"minecraft:gravel":61,"minecraft:golden_helmet":1,"minecraft:stone_axe":48,"minecraft:fire_charge":1,"minecraft:potion":2,"minecraft:diamond_sword":15,"minecraft:cobblestone":22,"minecraft:bucket":26,"minecraft:pumpkin_pie":10,"minecraft:yellow_bed":1,"minecraft:bone_meal":30},"minecraft:custom":{"minecraft:interact_with_anvil":7,"minecraft:mob_kills":21,"minecraft:interact_with_crafting_table":40,"minecraft:bell_ring":1,"minecraft:leave_game":7,"minecraft:time_since_death":2135,"minecraft:climb_one_cm":3229,"minecraft:sprint_one_cm":784831,"minecraft:walk_one_cm":748347,"minecraft:damage_blocked_by_shield":785,"minecraft:drop":250,"minecraft:talked_to_villager":130,"minecraft:play_time":358532,"minecraft:sneak_time":14408,"minecraft:deaths":5,"minecraft:walk_under_water_one_cm":30787,"minecraft:boat_one_cm":233640,"minecraft:jump":4841,"minecraft:interact_with_blast_furnace":1,"minecraft:walk_on_water_one_cm":66944,"minecraft:total_world_time":358532,"minecraft:interact_with_furnace":27,"minecraft:traded_with_villager":544,"minecraft:sleep_in_bed":17,"minecraft:time_since_rest":2182,"minecraft:damage_taken":6138,"minecraft:damage_dealt":3824,"minecraft:swim_one_cm":80579,"minecraft:fly_one_cm":1079633,"minecraft:open_chest":110,"minecraft:crouch_one_cm":21622,"minecraft:fall_one_cm":110285},"minecraft:broken":{"minecraft:iron_shovel":2,"minecraft:diamond_shovel":1,"minecraft:iron_axe":1,"minecraft:stone_axe":1},"minecraft:dropped":{"minecraft:bread":67,"minecraft:iron_ingot":45,"minecraft:iron_sword":2,"minecraft:soul_sand":29,"minecraft:wheat_seeds":148,"minecraft:diamond_axe":1,"minecraft:oak_log":20,"minecraft:mossy_cobblestone":17,"minecraft:glass_bottle":2,"minecraft:diamond":13,"minecraft:crossbow":5,"minecraft:oak_fence":1,"minecraft:feather":2,"minecraft:cobblestone":193,"minecraft:book":191,"minecraft:coal":1,"minecraft:emerald":184,"minecraft:stick":5,"minecraft:cracked_polished_blackstone_bricks":2,"minecraft:dirt":366,"minecraft:diorite":9,"minecraft:torch":11,"minecraft:mutton":2,"minecraft:crimson_roots":2,"minecraft:snowball":1,"minecraft:fire_charge":1,"minecraft:gilded_blackstone":1,"minecraft:oak_stairs":13,"minecraft:polished_blackstone_bricks":5,"minecraft:iron_axe":1,"minecraft:iron_pickaxe":3,"minecraft:sugar":1,"minecraft:iron_shovel":2,"minecraft:string":3835,"minecraft:spruce_sapling":6,"minecraft:gold_ingot":18,"minecraft:bone":9,"minecraft:dandelion":1,"minecraft:oak_door":2,"minecraft:gravel":41,"minecraft:chiseled_polished_blackstone":1,"minecraft:sweet_berries":5,"minecraft:soul_soil":66,"minecraft:iron_nugget":13,"minecraft:stone_sword":1,"minecraft:cobbled_deepslate":12,"minecraft:nether_brick":14,"minecraft:wheat":42,"minecraft:composter":1,"minecraft:raw_iron":117,"minecraft:rotten_flesh":10,"minecraft:clay_ball":4,"minecraft:oak_planks":52,"minecraft:stripped_oak_log":1,"minecraft:shears":1,"minecraft:carrot":9,"minecraft:poppy":4,"minecraft:potato":12,"minecraft:spruce_boat":4,"minecraft:gunpowder":2,"minecraft:spruce_planks":57,"minecraft:andesite":26,"minecraft:beetroot_seeds":6,"minecraft:chest":2,"minecraft:spruce_log":18,"minecraft:basalt":2,"minecraft:bow":24,"minecraft:arrow":719,"minecraft:stone_pickaxe":1,"minecraft:bell":1,"minecraft:netherrack":257,"minecraft:egg":1},"minecraft:killed_by":{"minecraft:ender_dragon":2,"minecraft:zombie":2},"minecraft:killed":{"minecraft:skeleton":2,"minecraft:chicken":1,"minecraft:tropical_fish":1,"minecraft:magma_cube":5,"minecraft:piglin":1,"minecraft:salmon":3,"minecraft:iron_golem":3,"minecraft:zombie":4,"minecraft:villager":1},"minecraft:picked_up":{"minecraft:crafting_table":5,"minecraft:iron_chestplate":4,"minecraft:wheat":46,"minecraft:chicken":1,"minecraft:wooden_pickaxe":1,"minecraft:oak_stairs":84,"minecraft:potion":2,"minecraft:gold_block":2,"minecraft:enchanted_book":2,"minecraft:gilded_blackstone":1,"minecraft:nether_brick":14,"minecraft:shield":4,"minecraft:string":9155,"minecraft:soul_soil":85,"minecraft:iron_axe":2,"minecraft:iron_leggings":4,"minecraft:iron_shovel":3,"minecraft:blackstone":276,"minecraft:beetroot":2,"minecraft:gold_nugget":27,"minecraft:cobbled_deepslate":121,"minecraft:bucket":1,"minecraft:spruce_planks":106,"minecraft:iron_nugget":39,"minecraft:poppy":4,"minecraft:iron_pickaxe":4,"minecraft:chest":3,"minecraft:furnace":2,"minecraft:iron_boots":4,"minecraft:egg":1,"minecraft:stick":27,"minecraft:raw_iron":203,"minecraft:oak_door":2,"minecraft:oak_fence":1,"minecraft:composter":1,"minecraft:torch":49,"minecraft:fire_charge":2,"minecraft:polished_blackstone_bricks":5,"minecraft:diorite":17,"minecraft:carrot":9,"minecraft:redstone":15,"minecraft:stone_sword":1,"minecraft:arrow":359,"minecraft:rotten_flesh":11,"minecraft:beetroot_seeds":6,"minecraft:pumpkin_pie":46,"minecraft:bone_block":42,"minecraft:obsidian":10,"minecraft:mutton":4,"minecraft:snowball":28,"minecraft:white_wool":3,"minecraft:cobblestone":294,"minecraft:stripped_oak_log":1,"minecraft:water_bucket":1,"minecraft:feather":2,"minecraft:basalt":24,"minecraft:magma_cream":2,"minecraft:golden_carrot":4,"minecraft:andesite":39,"minecraft:red_mushroom":3,"minecraft:potato":12,"minecraft:flint":11,"minecraft:tuff":64,"minecraft:oak_log":66,"minecraft:ancient_debris":1,"minecraft:yellow_bed":2,"minecraft:gunpowder":2,"minecraft:cobblestone_stairs":10,"minecraft:dirt":516,"minecraft:bone":9,"minecraft:apple":22,"minecraft:bow":10,"minecraft:wheat_seeds":141,"minecraft:bell":4,"minecraft:iron_ingot":16,"minecraft:stone_pickaxe":2,"minecraft:moss_block":3,"minecraft:iron_sword":3,"minecraft:oak_planks":97,"minecraft:soul_sand":35,"minecraft:chiseled_polished_blackstone":1,"minecraft:sweet_berries":15,"minecraft:lava_bucket":1,"minecraft:quartz":25,"minecraft:dandelion":1,"minecraft:gravel":112,"minecraft:spruce_sapling":34,"minecraft:white_bed":1,"minecraft:spruce_log":66,"minecraft:mossy_cobblestone":17,"minecraft:spruce_boat":4,"minecraft:sugar":1,"minecraft:diamond":9,"minecraft:stone_axe":1,"minecraft:cracked_polished_blackstone_bricks":2,"minecraft:iron_helmet":3,"minecraft:diamond_axe":3,"minecraft:bone_meal":30,"minecraft:emerald":79,"minecraft:bread":135,"minecraft:oak_sapling":1,"minecraft:diamond_pickaxe":2,"minecraft:netherrack":610,"minecraft:coal":70,"minecraft:crimson_roots":2,"minecraft:ender_pearl":9},"minecraft:mined":{"minecraft:nether_gold_ore":8,"minecraft:white_bed":1,"minecraft:spruce_planks":4,"minecraft:mossy_cobblestone":18,"minecraft:oak_door":2,"minecraft:cobblestone_stairs":10,"minecraft:obsidian":3,"minecraft:chiseled_polished_blackstone":1,"minecraft:cave_vines_plant":1,"minecraft:grass_block":61,"minecraft:crimson_roots":1,"minecraft:cracked_polished_blackstone_bricks":3,"minecraft:soul_soil":100,"minecraft:spruce_leaves":108,"minecraft:composter":1,"minecraft:moss_block":10,"minecraft:polished_blackstone_bricks":5,"minecraft:spruce_sapling":4,"minecraft:furnace":2,"minecraft:carrots":9,"minecraft:iron_ore":14,"minecraft:fire":3,"minecraft:snow":28,"minecraft:andesite":40,"minecraft:gold_block":1,"minecraft:bell":2,"minecraft:potatoes":12,"minecraft:deepslate_iron_ore":8,"minecraft:dirt_path":243,"minecraft:oak_stairs":84,"minecraft:stripped_oak_log":1,"minecraft:stone":193,"minecraft:bone_block":42,"minecraft:tripwire":5,"minecraft:podzol":1,"minecraft:glass_pane":5,"minecraft:blackstone":125,"minecraft:soul_sand":20,"minecraft:crimson_nylium":1,"minecraft:basalt":20,"minecraft:oak_fence":1,"minecraft:crafting_table":1,"minecraft:short_grass":9,"minecraft:chest":3,"minecraft:nether_quartz_ore":18,"minecraft:cobblestone":134,"minecraft:oak_planks":35,"minecraft:diorite":21,"minecraft:wall_torch":5,"minecraft:seagrass":3,"minecraft:wheat":83,"minecraft:sweet_berry_bush":6,"minecraft:spruce_log":48,"minecraft:yellow_bed":2,"minecraft:oak_log":68,"minecraft:coal_ore":38,"minecraft:beetroots":2,"minecraft:gravel":124,"minecraft:dirt":175,"minecraft:ancient_debris":1,"minecraft:netherrack":369,"minecraft:oak_leaves":7,"minecraft:deepslate":57,"minecraft:fern":1}},"DataVersion":3955}