{"stats":{"minecraft:used":{"minecraft:beetroot":2,"minecraft:tuff_bricks":1,"minecraft:iron_shovel":1095,"minecraft:polished_basalt":1,"minecraft:elytra":9,"minecraft:diamond_hoe":1663,"minecraft:shield":26,"minecraft:chest":5,"minecraft:iron_sword":416,"minecraft:bell":1,"minecraft:white_candle":3,"minecraft:iron_chestplate":4,"minecraft:soul_sand":13,"minecraft:mutton":8,"minecraft:crafter":1,"minecraft:carrot":8,"minecraft:waxed_copper_grate":2,"minecraft:snowball":27,"minecraft:waxed_oxidized_copper":3,"minecraft:lava_bucket":19,"minecraft:iron_helmet":3,"minecraft:stone_bricks":3,"minecraft:item_frame":3,"minecraft:red_carpet":2,"minecraft:bow":118,"minecraft:sweet_berries":12,"minecraft:ominous_bottle":1,"minecraft:oak_sapling":1,"minecraft:furnace":1,"minecraft:skeleton_skull":1,"minecraft:potato":12,"minecraft:diorite":51,"minecraft:mossy_stone_bricks":1,"minecraft:diamond_boots":7,"minecraft:wither_skeleton_skull":2,"minecraft:oak_planks":9,"minecraft:ender_pearl":35,"minecraft:blackstone":237,"minecraft:sugar_cane":5,"minecraft:diamond_axe":192,"minecraft:purpur_pillar":19,"minecraft:white_wool":3,"minecraft:cookie":26,"minecraft:golden_apple":3,"minecraft:sand":64,"minecraft:light_blue_wool":2,"minecraft:crossbow":8,"minecraft:end_stone":8,"minecraft:lever":1,"minecraft:firework_rocket":28,"minecraft:bread":61,"minecraft:string":22,"minecraft:deepslate":6,"minecraft:gravel":63,"minecraft:golden_helmet":1,"minecraft:chiseled_tuff_bricks":17,"minecraft:diamond_sword":196,"minecraft:fire_charge":1,"minecraft:andesite":3,"minecraft:bone_meal":30,"minecraft:experience_bottle":8,"minecraft:purpur_block":23,"minecraft:enchanting_table":2,"minecraft:spruce_planks":49,"minecraft:trial_key":3,"minecraft:netherrack":274,"minecraft:torch":5,"minecraft:dragon_egg":2,"minecraft:dirt":253,"minecraft:white_carpet":1,"minecraft:diamond_helmet":3,"minecraft:bookshelf":37,"minecraft:iron_axe":569,"minecraft:bamboo_hanging_sign":2,"minecraft:oak_stairs":71,"minecraft:iron_boots":4,"minecraft:diamond_chestplate":5,"minecraft:basalt":87,"minecraft:soul_soil":18,"minecraft:cooked_beef":18,"minecraft:cobbled_deepslate":46,"minecraft:golden_axe":11,"minecraft:iron_leggings":6,"minecraft:wheat_seeds":42,"minecraft:water_bucket":52,"minecraft:cobblestone_stairs":50,"minecraft:glass_bottle":1,"minecraft:baked_potato":18,"minecraft:blue_wool":2,"minecraft:fletching_table":10,"minecraft:green_bed":1,"minecraft:waxed_copper_block":10,"minecraft:cracked_stone_bricks":1,"minecraft:mossy_cobblestone":9,"minecraft:crafting_table":3,"minecraft:red_bed":1,"minecraft:spider_eye":1,"minecraft:white_bed":2,"minecraft:diamond_pickaxe":696,"minecraft:apple":27,"minecraft:diamond_shovel":132,"minecraft:wind_charge":4,"minecraft:chicken":1,"minecraft:iron_pickaxe":1460,"minecraft:purpur_slab":4,"minecraft:spruce_sapling":23,"minecraft:stone_axe":48,"minecraft:cobblestone":192,"minecraft:potion":12,"minecraft:white_banner":2,"minecraft:bucket":72,"minecraft:pumpkin_pie":30,"minecraft:yellow_bed":3,"minecraft:waxed_oxidized_copper_bulb":1,"minecraft:diamond_leggings":3},"minecraft:broken":{"minecraft:iron_shovel":2,"minecraft:diamond_helmet":1,"minecraft:diamond_shovel":1,"minecraft:stone_axe":1,"minecraft:iron_sword":2,"minecraft:diamond_hoe":1,"minecraft:diamond_axe":1,"minecraft:iron_axe":1},"minecraft:picked_up":{"minecraft:chiseled_deepslate":2,"minecraft:iron_chestplate":9,"minecraft:wheat":46,"minecraft:flower_pot":1,"minecraft:diamond_sword":24,"minecraft:oak_stairs":85,"minecraft:potion":20,"minecraft:enchanted_book":8,"minecraft:gilded_blackstone":1,"minecraft:nether_brick":14,"minecraft:golden_sword":2,"minecraft:amethyst_block":6,"minecraft:string":10084,"minecraft:soul_soil":101,"minecraft:raw_copper":6,"minecraft:iron_leggings":28,"minecraft:netherite_ingot":4,"minecraft:beetroot":2,"minecraft:diamond_leggings":24,"minecraft:cobbled_deepslate":146,"minecraft:gold_nugget":146,"minecraft:bucket":2,"minecraft:spruce_planks":141,"minecraft:trial_key":3,"minecraft:calcite":2,"minecraft:iron_pickaxe":33,"minecraft:blue_wool":14,"minecraft:furnace":3,"minecraft:iron_boots":7,"minecraft:tipped_arrow":7,"minecraft:golden_helmet":1,"minecraft:stick":41,"minecraft:composter":1,"minecraft:oak_fence":1,"minecraft:torch":65,"minecraft:purpur_pillar":21,"minecraft:green_bed":1,"minecraft:waxed_copper_grate":4,"minecraft:diorite":64,"minecraft:stone_sword":10,"minecraft:rotten_flesh":80,"minecraft:light_blue_wool":2,"minecraft:vex_armor_trim_smithing_template":6,"minecraft:polished_basalt":2,"minecraft:white_terracotta":1,"minecraft:blaze_rod":28,"minecraft:obsidian":13,"minecraft:iron_bars":2,"minecraft:snowball":28,"minecraft:cobblestone":507,"minecraft:enchanting_table":1,"minecraft:feather":2,"minecraft:cooked_beef":28,"minecraft:magma_cream":2,"minecraft:water_bucket":13,"minecraft:andesite":47,"minecraft:potato":12,"minecraft:flint":11,"minecraft:tuff":83,"minecraft:wither_skeleton_skull":5,"minecraft:dirt":625,"minecraft:bone":100,"minecraft:bow":34,"minecraft:wheat_seeds":148,"minecraft:bell":4,"minecraft:bolt_armor_trim_smithing_template":1,"minecraft:glowstone_dust":12,"minecraft:mossy_stone_bricks":1,"minecraft:diamond_helmet":4,"minecraft:moss_block":3,"minecraft:oak_planks":128,"minecraft:scrape_pottery_sherd":4,"minecraft:waxed_oxidized_copper_trapdoor":1,"minecraft:chiseled_polished_blackstone":1,"minecraft:waxed_oxidized_copper_bulb":1,"minecraft:spectral_arrow":135,"minecraft:dark_oak_log":2,"minecraft:mossy_cobblestone":28,"minecraft:white_candle":3,"minecraft:snout_armor_trim_smithing_template":1,"minecraft:sugar":1,"minecraft:deepslate":84,"minecraft:diamond":26,"minecraft:spruce_boat":8,"minecraft:cracked_polished_blackstone_bricks":14,"minecraft:granite":19,"minecraft:crossbow":7,"minecraft:breeze_rod":2,"minecraft:bone_meal":30,"minecraft:golden_apple":6,"minecraft:golden_horse_armor":5,"minecraft:emerald":197,"minecraft:bread":155,"minecraft:oak_sapling":1,"minecraft:netherrack":963,"minecraft:bricks":1,"minecraft:ominous_trial_key":1,"minecraft:crimson_roots":2,"minecraft:diamond_pickaxe":7,"minecraft:end_stone_bricks":3,"minecraft:waxed_oxidized_cut_copper":5,"minecraft:crafting_table":7,"minecraft:ominous_bottle":1,"minecraft:chicken":1,"minecraft:brown_mushroom":2,"minecraft:wooden_pickaxe":1,"minecraft:gold_block":6,"minecraft:purpur_block":28,"minecraft:brick":134,"minecraft:shield":12,"minecraft:dragon_breath":7,"minecraft:wind_charge":4,"minecraft:red_bed":1,"minecraft:elytra":19,"minecraft:iron_axe":14,"minecraft:netherite_scrap":16,"minecraft:white_carpet":43,"minecraft:iron_shovel":6,"minecraft:blackstone":596,"minecraft:cracked_stone_bricks":2,"minecraft:spire_armor_trim_smithing_template":1,"minecraft:observer":1,"minecraft:iron_nugget":39,"minecraft:poppy":6,"minecraft:guster_pottery_sherd":1,"minecraft:sugar_cane":63,"minecraft:chest":7,"minecraft:diamond_hoe":1,"minecraft:waxed_oxidized_copper":6,"minecraft:egg":4,"minecraft:raw_iron":204,"minecraft:end_stone":50,"minecraft:oak_door":2,"minecraft:bamboo_hanging_sign":4,"minecraft:fire_charge":2,"minecraft:polished_blackstone_bricks":23,"minecraft:flow_pottery_sherd":2,"minecraft:cookie":2,"minecraft:carrot":9,"minecraft:redstone":15,"minecraft:dark_oak_planks":2,"minecraft:arrow":1244,"minecraft:diamond_chestplate":27,"minecraft:beetroot_seeds":6,"minecraft:pumpkin_pie":176,"minecraft:nether_bricks":23,"minecraft:diamond_boots":17,"minecraft:purpur_slab":7,"minecraft:saddle":6,"minecraft:gold_ingot":14,"minecraft:tuff_bricks":111,"minecraft:mutton":12,"minecraft:bone_block":42,"minecraft:skeleton_skull":1,"minecraft:white_wool":12,"minecraft:stripped_oak_log":1,"minecraft:basalt":117,"minecraft:golden_carrot":5,"minecraft:red_mushroom":3,"minecraft:purpur_stairs":1,"minecraft:oak_log":66,"minecraft:waxed_copper_block":11,"minecraft:ancient_debris":1,"minecraft:yellow_bed":4,"minecraft:gunpowder":26,"minecraft:cobblestone_stairs":16,"minecraft:sculk_vein":1,"minecraft:white_banner":2,"minecraft:red_carpet":480,"minecraft:apple":22,"minecraft:stone_bricks":3,"minecraft:iron_ingot":41,"minecraft:stone_pickaxe":2,"minecraft:glass_bottle":32,"minecraft:iron_sword":17,"minecraft:soul_sand":68,"minecraft:book":59,"minecraft:emerald_block":1,"minecraft:sweet_berries":17,"minecraft:quartz":25,"minecraft:dandelion":9,"minecraft:gravel":400,"minecraft:lava_bucket":1,"minecraft:amethyst_shard":4,"minecraft:spruce_sapling":38,"minecraft:white_bed":1,"minecraft:spruce_log":100,"minecraft:spider_eye":46,"minecraft:dragon_egg":2,"minecraft:firework_rocket":93,"minecraft:diamond_shovel":11,"minecraft:stone_axe":2,"minecraft:iron_helmet":3,"minecraft:diamond_axe":7,"minecraft:baked_potato":20,"minecraft:chiseled_tuff_bricks":22,"minecraft:coal":102,"minecraft:ender_pearl":2501,"minecraft:shulker_shell":2},"minecraft:killed":{"minecraft:zombified_piglin":2,"minecraft:spider":4,"minecraft:shulker":1,"minecraft:skeleton":8,"minecraft:chicken":1,"minecraft:tropical_fish":1,"minecraft:magma_cube":6,"minecraft:piglin":2,"minecraft:salmon":3,"minecraft:iron_golem":4,"minecraft:sheep":2,"minecraft:pillager":2,"minecraft:zombie":12,"minecraft:vindicator":1,"minecraft:drowned":1,"minecraft:breeze":1,"minecraft:wither_skeleton":5,"minecraft:villager":1,"minecraft:enderman":269},"minecraft:custom":{"minecraft:interact_with_crafting_table":66,"minecraft:open_barrel":9,"minecraft:open_shulker_box":15,"minecraft:bell_ring":1,"minecraft:leave_game":13,"minecraft:time_since_death":2180,"minecraft:sprint_one_cm":1857911,"minecraft:damage_blocked_by_shield":895,"minecraft:drop":434,"minecraft:talked_to_villager":147,"minecraft:play_time":770213,"minecraft:deaths":36,"minecraft:jump":11594,"minecraft:interact_with_brewingstand":1,"minecraft:walk_on_water_one_cm":172991,"minecraft:interact_with_furnace":36,"minecraft:traded_with_villager":645,"minecraft:sleep_in_bed":28,"minecraft:open_enderchest":12,"minecraft:damage_dealt":17320,"minecraft:interact_with_beacon":4,"minecraft:player_kills":3,"minecraft:crouch_one_cm":38009,"minecraft:interact_with_smithing_table":1,"minecraft:inspect_dispenser":2,"minecraft:interact_with_anvil":8,"minecraft:mob_kills":329,"minecraft:inspect_hopper":3,"minecraft:climb_one_cm":15571,"minecraft:walk_one_cm":1720401,"minecraft:raid_win":1,"minecraft:sneak_time":26104,"minecraft:walk_under_water_one_cm":52536,"minecraft:boat_one_cm":279755,"minecraft:interact_with_blast_furnace":1,"minecraft:total_world_time":770213,"minecraft:raid_trigger":1,"minecraft:time_since_rest":2208,"minecraft:damage_absorbed":121,"minecraft:damage_taken":28027,"minecraft:swim_one_cm":154375,"minecraft:fly_one_cm":2606463,"minecraft:open_chest":392,"minecraft:aviate_one_cm":1094334,"minecraft:fall_one_cm":319253},"minecraft:killed_by":{"minecraft:wither_skeleton":1,"minecraft:zombified_piglin":1,"minecraft:vindicator":2,"minecraft:blaze":1,"minecraft:zombie":3,"minecraft:player":5,"minecraft:enderman":3,"minecraft:ender_dragon":5,"minecraft:shulker":3,"minecraft:warden":1},"minecraft:dropped":{"minecraft:guster_pottery_sherd":1,"minecraft:iron_sword":2,"minecraft:soul_sand":29,"minecraft:diamond_axe":1,"minecraft:oak_log":20,"minecraft:ender_pearl":576,"minecraft:glass_bottle":12,"minecraft:diamond":25,"minecraft:crossbow":7,"minecraft:cracked_stone_bricks":1,"minecraft:elytra":2,"minecraft:red_carpet":45,"minecraft:emerald":279,"minecraft:cobblestone_stairs":6,"minecraft:gold_block":4,"minecraft:cracked_polished_blackstone_bricks":14,"minecraft:dirt":599,"minecraft:mutton":2,"minecraft:scrape_pottery_sherd":4,"minecraft:crimson_roots":2,"minecraft:snowball":1,"minecraft:gilded_blackstone":1,"minecraft:pumpkin_pie":46,"minecraft:polished_blackstone_bricks":5,"minecraft:sugar":1,"minecraft:iron_pickaxe":3,"minecraft:dark_oak_planks":1,"minecraft:bone":9,"minecraft:gold_ingot":18,"minecraft:oak_door":2,"minecraft:gravel":41,"minecraft:emerald_block":1,"minecraft:chiseled_polished_blackstone":1,"minecraft:stone_axe":1,"minecraft:sugar_cane":17,"minecraft:iron_nugget":13,"minecraft:chiseled_tuff_bricks":5,"minecraft:cobbled_deepslate":17,"minecraft:nether_brick":14,"minecraft:wheat":42,"minecraft:rotten_flesh":14,"minecraft:oak_planks":52,"minecraft:end_stone":3,"minecraft:carrot":9,"minecraft:chiseled_deepslate":2,"minecraft:poppy":4,"minecraft:gunpowder":2,"minecraft:beetroot_seeds":6,"minecraft:chest":6,"minecraft:basalt":2,"minecraft:arrow":719,"minecraft:glass":4,"minecraft:firework_rocket":1,"minecraft:netherrack":323,"minecraft:egg":3,"minecraft:enchanted_book":1,"minecraft:bread":67,"minecraft:iron_ingot":52,"minecraft:wheat_seeds":149,"minecraft:mossy_cobblestone":17,"minecraft:diamond_leggings":3,"minecraft:spectral_arrow":14,"minecraft:oak_fence":1,"minecraft:feather":2,"minecraft:cobblestone":307,"minecraft:book":193,"minecraft:sculk_vein":1,"minecraft:waxed_copper_grate":2,"minecraft:granite":19,"minecraft:coal":9,"minecraft:stick":9,"minecraft:diorite":9,"minecraft:torch":17,"minecraft:waxed_oxidized_copper":3,"minecraft:fire_charge":1,"minecraft:potion":1,"minecraft:iron_leggings":3,"minecraft:oak_stairs":14,"minecraft:iron_axe":1,"minecraft:iron_shovel":2,"minecraft:string":5652,"minecraft:spruce_sapling":8,"minecraft:dandelion":4,"minecraft:bricks":1,"minecraft:tuff_bricks":110,"minecraft:sweet_berries":5,"minecraft:soul_soil":71,"minecraft:flow_pottery_sherd":2,"minecraft:stone_sword":3,"minecraft:raw_copper":6,"minecraft:composter":1,"minecraft:raw_iron":118,"minecraft:white_carpet":16,"minecraft:clay_ball":4,"minecraft:stripped_oak_log":1,"minecraft:white_terracotta":1,"minecraft:shears":1,"minecraft:potato":12,"minecraft:spruce_boat":4,"minecraft:diamond_chestplate":1,"minecraft:spruce_planks":60,"minecraft:iron_chestplate":1,"minecraft:diamond_pickaxe":1,"minecraft:andesite":31,"minecraft:waxed_oxidized_cut_copper":5,"minecraft:golden_sword":1,"minecraft:diamond_boots":2,"minecraft:spruce_log":18,"minecraft:bow":24,"minecraft:stone_pickaxe":1,"minecraft:bell":1,"minecraft:calcite":2,"minecraft:brick":6,"minecraft:waxed_oxidized_copper_trapdoor":1},"minecraft:crafted":{"minecraft:oak_planks":184,"minecraft:cobblestone_stairs":40,"minecraft:lever":1,"minecraft:bookshelf":38,"minecraft:glass":4,"minecraft:diamond_helmet":2,"minecraft:bow":13,"minecraft:iron_boots":2,"minecraft:chest":4,"minecraft:dropper":1,"minecraft:item_frame":3,"minecraft:emerald":486,"minecraft:arrow":672,"minecraft:diamond_axe":1,"minecraft:crafting_table":3,"minecraft:spruce_planks":232,"minecraft:iron_helmet":1,"minecraft:fletching_table":10,"minecraft:iron_chestplate":2,"minecraft:diamond_pickaxe":1,"minecraft:shield":2,"minecraft:stick":120,"minecraft:crafter":1,"minecraft:iron_ingot":105,"minecraft:iron_pickaxe":3,"minecraft:gold_ingot":18,"minecraft:netherite_ingot":2,"minecraft:shears":1,"minecraft:redstone":48,"minecraft:furnace":8,"minecraft:iron_axe":2,"minecraft:netherite_scrap":8,"minecraft:dark_oak_planks":8,"minecraft:observer":1,"minecraft:crossbow":2,"minecraft:diamond_sword":1,"minecraft:enchanting_table":1,"minecraft:iron_sword":2,"minecraft:bucket":1,"minecraft:glowstone":12,"minecraft:enchanted_book":1,"minecraft:bread":152,"minecraft:flint":10,"minecraft:iron_shovel":4,"minecraft:iron_leggings":2,"minecraft:white_bed":1,"minecraft:pumpkin_pie":60,"minecraft:torch":12,"minecraft:lapis_lazuli":24},"minecraft:mined":{"minecraft:dark_oak_planks":2,"minecraft:spruce_planks":6,"minecraft:white_bed":2,"minecraft:sculk_vein":118,"minecraft:cobblestone_stairs":16,"minecraft:obsidian":3,"minecraft:cave_vines_plant":1,"minecraft:granite":6,"minecraft:budding_amethyst":2,"minecraft:chiseled_polished_blackstone":1,"minecraft:grass_block":65,"minecraft:cracked_polished_blackstone_bricks":26,"minecraft:soul_soil":106,"minecraft:blue_wool":2,"minecraft:chiseled_tuff_bricks":17,"minecraft:composter":1,"minecraft:tuff_bricks":15,"minecraft:gilded_blackstone":1,"minecraft:polished_blackstone_bricks":42,"minecraft:bamboo_wall_hanging_sign":2,"minecraft:glowstone":1,"minecraft:sculk_catalyst":1,"minecraft:iron_ore":15,"minecraft:fire":17,"minecraft:polished_tuff":1,"minecraft:waxed_oxidized_copper_bulb":1,"minecraft:enchanting_table":1,"minecraft:dirt_path":246,"minecraft:oak_stairs":84,"minecraft:end_stone_bricks":3,"minecraft:green_bed":1,"minecraft:tripwire":6,"minecraft:red_bed":1,"minecraft:blackstone":168,"minecraft:soul_fire":1,"minecraft:medium_amethyst_bud":1,"minecraft:crimson_nylium":1,"minecraft:amethyst_cluster":1,"minecraft:purpur_stairs":3,"minecraft:torch":1,"minecraft:calcite":2,"minecraft:chest":4,"minecraft:nether_quartz_ore":18,"minecraft:wither_skeleton_wall_skull":1,"minecraft:cobblestone":209,"minecraft:white_candle":1,"minecraft:oak_planks":35,"minecraft:sugar_cane":31,"minecraft:bricks":1,"minecraft:wall_torch":5,"minecraft:amethyst_block":7,"minecraft:skeleton_skull":1,"minecraft:seagrass":3,"minecraft:waxed_oxidized_copper_trapdoor":1,"minecraft:wheat":83,"minecraft:waxed_copper_block":7,"minecraft:purpur_block":43,"minecraft:cracked_deepslate_tiles":1,"minecraft:oak_log":68,"minecraft:beetroots":2,"minecraft:waxed_oxidized_copper":3,"minecraft:dirt":246,"minecraft:ancient_debris":1,"minecraft:netherrack":676,"minecraft:oak_leaves":7,"minecraft:deepslate":65,"minecraft:nether_gold_ore":18,"minecraft:red_carpet":2,"minecraft:light_blue_wool":4,"minecraft:mossy_cobblestone":28,"minecraft:deepslate_diamond_ore":5,"minecraft:oak_door":2,"minecraft:dark_oak_log":2,"minecraft:end_stone":10,"minecraft:nether_bricks":17,"minecraft:decorated_pot":14,"minecraft:crimson_roots":1,"minecraft:spruce_leaves":131,"minecraft:moss_block":10,"minecraft:waxed_oxidized_cut_copper":5,"minecraft:spruce_sapling":4,"minecraft:furnace":3,"minecraft:carrots":9,"minecraft:waxed_copper_grate":4,"minecraft:polished_basalt":7,"minecraft:snow":28,"minecraft:andesite":50,"minecraft:chiseled_deepslate":2,"minecraft:gold_block":1,"minecraft:chiseled_tuff":1,"minecraft:bell":2,"minecraft:polished_deepslate":1,"minecraft:bookshelf":19,"minecraft:potatoes":12,"minecraft:deepslate_iron_ore":8,"minecraft:lantern":1,"minecraft:stripped_oak_log":1,"minecraft:stone":312,"minecraft:white_wool":4,"minecraft:bone_block":42,"minecraft:podzol":4,"minecraft:glass_pane":19,"minecraft:soul_sand":28,"minecraft:magenta_stained_glass":2,"minecraft:infested_stone_bricks":1,"minecraft:basalt":36,"minecraft:dandelion":2,"minecraft:oak_fence":1,"minecraft:crafting_table":2,"minecraft:short_grass":17,"minecraft:sculk_sensor":10,"minecraft:copper_ore":2,"minecraft:purpur_pillar":28,"minecraft:tall_grass":1,"minecraft:sculk":1569,"minecraft:diorite":42,"minecraft:sweet_berry_bush":7,"minecraft:white_carpet":2,"minecraft:spruce_log":82,"minecraft:white_wall_banner":1,"minecraft:yellow_bed":3,"minecraft:coal_ore":41,"minecraft:gravel":124,"minecraft:cracked_stone_bricks":2,"minecraft:stone_bricks":3,"minecraft:mossy_stone_bricks":1,"minecraft:fern":1}},"DataVersion":3955}