{"stats":{"minecraft:crafted":{"minecraft:oak_planks":184,"minecraft:redstone":24,"minecraft:furnace":8,"minecraft:bookshelf":16,"minecraft:diamond_helmet":1,"minecraft:bow":13,"minecraft:iron_boots":2,"minecraft:iron_axe":2,"minecraft:arrow":576,"minecraft:emerald":282,"minecraft:crafting_table":1,"minecraft:spruce_planks":32,"minecraft:enchanting_table":1,"minecraft:iron_helmet":1,"minecraft:iron_sword":2,"minecraft:fletching_table":10,"minecraft:enchanted_book":1,"minecraft:bread":152,"minecraft:iron_chestplate":2,"minecraft:shield":2,"minecraft:stick":96,"minecraft:flint":10,"minecraft:iron_ingot":105,"minecraft:iron_pickaxe":3,"minecraft:iron_shovel":4,"minecraft:iron_leggings":2,"minecraft:pumpkin_pie":60,"minecraft:shears":1,"minecraft:lapis_lazuli":12},"minecraft:used":{"minecraft:beetroot":2,"minecraft:enchanting_table":1,"minecraft:iron_shovel":822,"minecraft:shield":10,"minecraft:iron_sword":50,"minecraft:bell":1,"minecraft:iron_chestplate":1,"minecraft:dirt":137,"minecraft:mutton":4,"minecraft:carrot":8,"minecraft:diamond_helmet":1,"minecraft:snowball":27,"minecraft:bookshelf":16,"minecraft:iron_axe":368,"minecraft:oak_stairs":22,"minecraft:iron_helmet":2,"minecraft:iron_boots":2,"minecraft:bow":60,"minecraft:sweet_berries":10,"minecraft:oak_sapling":1,"minecraft:potato":12,"minecraft:cobbled_deepslate":41,"minecraft:iron_leggings":1,"minecraft:wheat_seeds":42,"minecraft:oak_planks":3,"minecraft:fletching_table":10,"minecraft:crafting_table":1,"minecraft:diamond_shovel":131,"minecraft:chicken":1,"minecraft:bread":32,"minecraft:string":16,"minecraft:iron_pickaxe":421,"minecraft:spruce_sapling":23,"minecraft:gravel":1,"minecraft:golden_helmet":1,"minecraft:stone_axe":48,"minecraft:yellow_bed":1,"minecraft:bone_meal":30},"minecraft:custom":{"minecraft:interact_with_anvil":6,"minecraft:mob_kills":14,"minecraft:interact_with_crafting_table":37,"minecraft:bell_ring":1,"minecraft:leave_game":7,"minecraft:time_since_death":106353,"minecraft:climb_one_cm":3229,"minecraft:sprint_one_cm":488091,"minecraft:walk_one_cm":447695,"minecraft:damage_blocked_by_shield":290,"minecraft:drop":147,"minecraft:talked_to_villager":111,"minecraft:play_time":220532,"minecraft:sneak_time":3104,"minecraft:deaths":3,"minecraft:walk_under_water_one_cm":25468,"minecraft:boat_one_cm":212448,"minecraft:jump":2570,"minecraft:interact_with_blast_furnace":1,"minecraft:walk_on_water_one_cm":45425,"minecraft:total_world_time":220532,"minecraft:interact_with_furnace":27,"minecraft:traded_with_villager":397,"minecraft:sleep_in_bed":13,"minecraft:time_since_rest":15752,"minecraft:damage_taken":2083,"minecraft:damage_dealt":2875,"minecraft:swim_one_cm":63427,"minecraft:fly_one_cm":580823,"minecraft:open_chest":85,"minecraft:crouch_one_cm":5855,"minecraft:fall_one_cm":59713},"minecraft:broken":{"minecraft:iron_shovel":2,"minecraft:diamond_shovel":1,"minecraft:iron_axe":1,"minecraft:stone_axe":1},"minecraft:dropped":{"minecraft:bread":67,"minecraft:iron_ingot":43,"minecraft:wheat_seeds":106,"minecraft:diamond_axe":1,"minecraft:oak_log":20,"minecraft:mossy_cobblestone":17,"minecraft:diamond":13,"minecraft:oak_fence":1,"minecraft:feather":2,"minecraft:cobblestone":148,"minecraft:book":64,"minecraft:emerald":125,"minecraft:stick":5,"minecraft:dirt":365,"minecraft:torch":7,"minecraft:mutton":2,"minecraft:snowball":1,"minecraft:oak_stairs":6,"minecraft:iron_pickaxe":1,"minecraft:sugar":1,"minecraft:iron_shovel":2,"minecraft:string":2683,"minecraft:dandelion":1,"minecraft:oak_door":2,"minecraft:gravel":20,"minecraft:sweet_berries":5,"minecraft:iron_nugget":13,"minecraft:wheat":2,"minecraft:raw_iron":117,"minecraft:rotten_flesh":10,"minecraft:oak_planks":19,"minecraft:stripped_oak_log":1,"minecraft:shears":1,"minecraft:poppy":4,"minecraft:potato":12,"minecraft:gunpowder":2,"minecraft:beetroot_seeds":6,"minecraft:chest":2,"minecraft:bow":19,"minecraft:arrow":452,"minecraft:stone_pickaxe":1,"minecraft:bell":1,"minecraft:egg":1},"minecraft:killed_by":{"minecraft:zombie":2},"minecraft:killed":{"minecraft:skeleton":1,"minecraft:chicken":1,"minecraft:tropical_fish":1,"minecraft:salmon":3,"minecraft:iron_golem":3,"minecraft:zombie":4,"minecraft:villager":1},"minecraft:picked_up":{"minecraft:crafting_table":3,"minecraft:iron_chestplate":2,"minecraft:wheat":46,"minecraft:chicken":1,"minecraft:wooden_pickaxe":1,"minecraft:oak_stairs":50,"minecraft:enchanted_book":2,"minecraft:shield":2,"minecraft:string":8382,"minecraft:iron_axe":2,"minecraft:iron_leggings":2,"minecraft:iron_shovel":3,"minecraft:beetroot":2,"minecraft:cobbled_deepslate":105,"minecraft:iron_nugget":39,"minecraft:poppy":4,"minecraft:iron_pickaxe":4,"minecraft:chest":2,"minecraft:furnace":2,"minecraft:iron_boots":2,"minecraft:egg":1,"minecraft:stick":9,"minecraft:raw_iron":203,"minecraft:oak_door":2,"minecraft:oak_fence":1,"minecraft:composter":1,"minecraft:torch":19,"minecraft:diorite":3,"minecraft:carrot":9,"minecraft:redstone":15,"minecraft:arrow":320,"minecraft:rotten_flesh":11,"minecraft:beetroot_seeds":6,"minecraft:pumpkin_pie":24,"minecraft:obsidian":4,"minecraft:mutton":4,"minecraft:snowball":28,"minecraft:white_wool":3,"minecraft:cobblestone":229,"minecraft:stripped_oak_log":1,"minecraft:feather":2,"minecraft:andesite":13,"minecraft:potato":12,"minecraft:flint":8,"minecraft:tuff":64,"minecraft:oak_log":66,"minecraft:yellow_bed":2,"minecraft:gunpowder":2,"minecraft:dirt":508,"minecraft:apple":22,"minecraft:bow":8,"minecraft:wheat_seeds":137,"minecraft:bell":4,"minecraft:iron_ingot":16,"minecraft:stone_pickaxe":2,"minecraft:moss_block":3,"minecraft:iron_sword":2,"minecraft:oak_planks":88,"minecraft:sweet_berries":15,"minecraft:dandelion":1,"minecraft:gravel":64,"minecraft:spruce_sapling":31,"minecraft:spruce_log":50,"minecraft:mossy_cobblestone":17,"minecraft:sugar":1,"minecraft:diamond":9,"minecraft:stone_axe":1,"minecraft:iron_helmet":2,"minecraft:diamond_axe":1,"minecraft:bone_meal":30,"minecraft:emerald":48,"minecraft:bread":132,"minecraft:oak_sapling":1,"minecraft:coal":64},"minecraft:mined":{"minecraft:mossy_cobblestone":18,"minecraft:oak_door":2,"minecraft:cave_vines_plant":1,"minecraft:grass_block":61,"minecraft:spruce_leaves":107,"minecraft:composter":1,"minecraft:moss_block":10,"minecraft:spruce_sapling":4,"minecraft:furnace":2,"minecraft:carrots":9,"minecraft:iron_ore":14,"minecraft:snow":28,"minecraft:andesite":14,"minecraft:bell":2,"minecraft:potatoes":12,"minecraft:deepslate_iron_ore":8,"minecraft:dirt_path":242,"minecraft:oak_stairs":50,"minecraft:stripped_oak_log":1,"minecraft:stone":127,"minecraft:tripwire":4,"minecraft:glass_pane":5,"minecraft:oak_fence":1,"minecraft:crafting_table":1,"minecraft:short_grass":8,"minecraft:chest":2,"minecraft:cobblestone":120,"minecraft:oak_planks":35,"minecraft:diorite":7,"minecraft:wall_torch":3,"minecraft:seagrass":2,"minecraft:wheat":83,"minecraft:sweet_berry_bush":6,"minecraft:spruce_log":32,"minecraft:yellow_bed":2,"minecraft:oak_log":68,"minecraft:coal_ore":33,"minecraft:beetroots":2,"minecraft:gravel":94,"minecraft:dirt":171,"minecraft:oak_leaves":7,"minecraft:deepslate":41}},"DataVersion":3955}