{"stats":{"minecraft:mined":{"minecraft:dark_oak_planks":2,"minecraft:spruce_planks":6,"minecraft:white_bed":3,"minecraft:sculk_vein":118,"minecraft:cobblestone_stairs":16,"minecraft:obsidian":3,"minecraft:cave_vines_plant":1,"minecraft:granite":6,"minecraft:budding_amethyst":2,"minecraft:chiseled_polished_blackstone":1,"minecraft:grass_block":66,"minecraft:cracked_polished_blackstone_bricks":26,"minecraft:soul_soil":106,"minecraft:blue_wool":2,"minecraft:chiseled_tuff_bricks":17,"minecraft:composter":1,"minecraft:tuff_bricks":15,"minecraft:gilded_blackstone":1,"minecraft:polished_blackstone_bricks":42,"minecraft:bamboo_wall_hanging_sign":2,"minecraft:sculk_catalyst":1,"minecraft:glowstone":1,"minecraft:iron_ore":15,"minecraft:fire":17,"minecraft:polished_tuff":1,"minecraft:waxed_oxidized_copper_bulb":1,"minecraft:enchanting_table":1,"minecraft:dirt_path":246,"minecraft:oak_stairs":84,"minecraft:end_stone_bricks":9,"minecraft:green_bed":1,"minecraft:tripwire":6,"minecraft:red_bed":1,"minecraft:blackstone":168,"minecraft:medium_amethyst_bud":1,"minecraft:crimson_nylium":1,"minecraft:soul_fire":1,"minecraft:amethyst_cluster":1,"minecraft:purpur_stairs":5,"minecraft:torch":1,"minecraft:calcite":2,"minecraft:chest":4,"minecraft:nether_quartz_ore":18,"minecraft:wither_skeleton_wall_skull":1,"minecraft:cobblestone":213,"minecraft:white_candle":1,"minecraft:oak_planks":35,"minecraft:sugar_cane":31,"minecraft:bricks":1,"minecraft:wall_torch":5,"minecraft:amethyst_block":7,"minecraft:skeleton_skull":1,"minecraft:seagrass":3,"minecraft:waxed_oxidized_copper_trapdoor":1,"minecraft:wheat":83,"minecraft:waxed_copper_block":7,"minecraft:purpur_block":47,"minecraft:cracked_deepslate_tiles":1,"minecraft:oak_log":68,"minecraft:beetroots":2,"minecraft:waxed_oxidized_copper":3,"minecraft:dirt":247,"minecraft:ancient_debris":1,"minecraft:netherrack":676,"minecraft:deepslate":65,"minecraft:emerald_block":2,"minecraft:oak_leaves":12,"minecraft:nether_gold_ore":18,"minecraft:red_carpet":2,"minecraft:light_blue_wool":4,"minecraft:mossy_cobblestone":28,"minecraft:dark_oak_leaves":3,"minecraft:deepslate_diamond_ore":5,"minecraft:oak_door":2,"minecraft:dark_oak_log":2,"minecraft:end_stone":66,"minecraft:nether_bricks":17,"minecraft:decorated_pot":14,"minecraft:crimson_roots":1,"minecraft:spruce_leaves":142,"minecraft:moss_block":10,"minecraft:cartography_table":1,"minecraft:waxed_oxidized_cut_copper":5,"minecraft:spruce_sapling":4,"minecraft:furnace":3,"minecraft:carrots":9,"minecraft:waxed_copper_grate":4,"minecraft:polished_basalt":7,"minecraft:snow":28,"minecraft:andesite":50,"minecraft:chiseled_deepslate":2,"minecraft:gold_block":1,"minecraft:chiseled_tuff":1,"minecraft:bell":2,"minecraft:polished_deepslate":1,"minecraft:bookshelf":19,"minecraft:potatoes":12,"minecraft:deepslate_iron_ore":8,"minecraft:lantern":1,"minecraft:stripped_oak_log":1,"minecraft:chorus_plant":3,"minecraft:stone":316,"minecraft:bone_block":42,"minecraft:white_wool":4,"minecraft:podzol":4,"minecraft:glass_pane":19,"minecraft:soul_sand":28,"minecraft:magenta_stained_glass":4,"minecraft:infested_stone_bricks":1,"minecraft:basalt":36,"minecraft:dandelion":2,"minecraft:oak_fence":1,"minecraft:crafting_table":2,"minecraft:short_grass":21,"minecraft:sculk_sensor":10,"minecraft:copper_ore":2,"minecraft:purpur_pillar":37,"minecraft:tall_grass":1,"minecraft:sculk":1569,"minecraft:diorite":42,"minecraft:sweet_berry_bush":10,"minecraft:white_carpet":2,"minecraft:spruce_log":82,"minecraft:white_wall_banner":1,"minecraft:yellow_bed":5,"minecraft:coal_ore":41,"minecraft:gravel":124,"minecraft:cracked_stone_bricks":3,"minecraft:stone_bricks":5,"minecraft:mossy_stone_bricks":2,"minecraft:fern":3},"minecraft:custom":{"minecraft:interact_with_crafting_table":68,"minecraft:open_barrel":9,"minecraft:open_shulker_box":21,"minecraft:bell_ring":1,"minecraft:leave_game":14,"minecraft:time_since_death":545,"minecraft:sprint_one_cm":2213705,"minecraft:damage_blocked_by_shield":895,"minecraft:drop":482,"minecraft:talked_to_villager":154,"minecraft:play_time":894008,"minecraft:deaths":48,"minecraft:jump":13444,"minecraft:interact_with_brewingstand":2,"minecraft:walk_on_water_one_cm":207871,"minecraft:interact_with_furnace":42,"minecraft:traded_with_villager":665,"minecraft:sleep_in_bed":33,"minecraft:open_enderchest":20,"minecraft:damage_dealt":24881,"minecraft:interact_with_beacon":4,"minecraft:player_kills":3,"minecraft:crouch_one_cm":39207,"minecraft:inspect_dispenser":2,"minecraft:interact_with_smithing_table":1,"minecraft:interact_with_anvil":10,"minecraft:mob_kills":364,"minecraft:inspect_hopper":3,"minecraft:climb_one_cm":16807,"minecraft:walk_one_cm":1950717,"minecraft:raid_win":1,"minecraft:sneak_time":26941,"minecraft:walk_under_water_one_cm":79044,"minecraft:boat_one_cm":279755,"minecraft:interact_with_blast_furnace":1,"minecraft:total_world_time":894008,"minecraft:raid_trigger":1,"minecraft:time_since_rest":571,"minecraft:damage_absorbed":121,"minecraft:damage_taken":36643,"minecraft:swim_one_cm":190263,"minecraft:fly_one_cm":2977309,"minecraft:open_chest":436,"minecraft:aviate_one_cm":2106809,"minecraft:fall_one_cm":394728},"minecraft:broken":{"minecraft:iron_shovel":2,"minecraft:diamond_helmet":1,"minecraft:diamond_shovel":1,"minecraft:stone_axe":1,"minecraft:iron_sword":2,"minecraft:diamond_hoe":1,"minecraft:diamond_axe":1,"minecraft:iron_axe":1},"minecraft:used":{"minecraft:beetroot":2,"minecraft:tuff_bricks":1,"minecraft:iron_shovel":1095,"minecraft:polished_basalt":1,"minecraft:elytra":13,"minecraft:diamond_hoe":1663,"minecraft:shield":26,"minecraft:chest":5,"minecraft:iron_sword":417,"minecraft:bell":1,"minecraft:rotten_flesh":6,"minecraft:white_candle":3,"minecraft:iron_chestplate":6,"minecraft:soul_sand":13,"minecraft:mutton":11,"minecraft:crafter":1,"minecraft:carrot":8,"minecraft:waxed_copper_grate":2,"minecraft:snowball":27,"minecraft:waxed_oxidized_copper":3,"minecraft:lava_bucket":19,"minecraft:iron_helmet":5,"minecraft:stone_bricks":3,"minecraft:item_frame":3,"minecraft:red_carpet":2,"minecraft:bow":125,"minecraft:sweet_berries":19,"minecraft:ominous_bottle":1,"minecraft:oak_sapling":1,"minecraft:furnace":1,"minecraft:skeleton_skull":1,"minecraft:potato":31,"minecraft:diorite":51,"minecraft:diamond_boots":7,"minecraft:mossy_stone_bricks":1,"minecraft:chorus_fruit":2,"minecraft:oak_planks":9,"minecraft:wither_skeleton_skull":2,"minecraft:ender_pearl":78,"minecraft:blackstone":237,"minecraft:sugar_cane":5,"minecraft:diamond_axe":192,"minecraft:purpur_pillar":19,"minecraft:cookie":26,"minecraft:golden_apple":3,"minecraft:white_wool":3,"minecraft:sand":64,"minecraft:light_blue_wool":2,"minecraft:crossbow":8,"minecraft:end_stone":8,"minecraft:lever":1,"minecraft:firework_rocket":49,"minecraft:bread":68,"minecraft:string":22,"minecraft:deepslate":6,"minecraft:gravel":63,"minecraft:golden_helmet":1,"minecraft:chiseled_tuff_bricks":17,"minecraft:diamond_sword":502,"minecraft:fire_charge":1,"minecraft:andesite":3,"minecraft:purpur_block":25,"minecraft:bone_meal":30,"minecraft:experience_bottle":8,"minecraft:enchanting_table":2,"minecraft:spruce_planks":49,"minecraft:trial_key":3,"minecraft:torch":5,"minecraft:dragon_egg":2,"minecraft:netherrack":274,"minecraft:dirt":253,"minecraft:white_carpet":1,"minecraft:diamond_helmet":4,"minecraft:bookshelf":37,"minecraft:iron_axe":569,"minecraft:bamboo_hanging_sign":2,"minecraft:oak_stairs":71,"minecraft:iron_boots":5,"minecraft:diamond_chestplate":6,"minecraft:basalt":87,"minecraft:soul_soil":18,"minecraft:cooked_beef":45,"minecraft:golden_axe":17,"minecraft:cobbled_deepslate":46,"minecraft:iron_leggings":7,"minecraft:wheat_seeds":42,"minecraft:water_bucket":81,"minecraft:cobblestone_stairs":50,"minecraft:glass_bottle":1,"minecraft:cartography_table":1,"minecraft:baked_potato":18,"minecraft:blue_wool":2,"minecraft:fletching_table":10,"minecraft:green_bed":1,"minecraft:waxed_copper_block":10,"minecraft:cracked_stone_bricks":1,"minecraft:salmon":1,"minecraft:mossy_cobblestone":9,"minecraft:crafting_table":3,"minecraft:red_bed":1,"minecraft:spider_eye":4,"minecraft:white_bed":3,"minecraft:diamond_pickaxe":696,"minecraft:apple":27,"minecraft:diamond_shovel":141,"minecraft:wind_charge":4,"minecraft:chicken":1,"minecraft:iron_pickaxe":1557,"minecraft:purpur_slab":4,"minecraft:spruce_sapling":23,"minecraft:stone_axe":48,"minecraft:cobblestone":192,"minecraft:potion":12,"minecraft:porkchop":7,"minecraft:white_banner":2,"minecraft:bucket":100,"minecraft:pumpkin_pie":30,"minecraft:yellow_bed":5,"minecraft:waxed_oxidized_copper_bulb":1,"minecraft:diamond_leggings":4},"minecraft:dropped":{"minecraft:guster_pottery_sherd":1,"minecraft:iron_sword":2,"minecraft:soul_sand":29,"minecraft:diamond_axe":1,"minecraft:chorus_fruit":88,"minecraft:oak_log":20,"minecraft:ender_pearl":637,"minecraft:glass_bottle":12,"minecraft:diamond":25,"minecraft:crossbow":7,"minecraft:leather":11,"minecraft:cracked_stone_bricks":2,"minecraft:purpur_stairs":1,"minecraft:elytra":2,"minecraft:dragon_breath":2,"minecraft:gold_block":4,"minecraft:red_carpet":45,"minecraft:emerald":279,"minecraft:cobblestone_stairs":6,"minecraft:cracked_polished_blackstone_bricks":14,"minecraft:dirt":600,"minecraft:mutton":2,"minecraft:scrape_pottery_sherd":4,"minecraft:crimson_roots":2,"minecraft:snowball":1,"minecraft:gilded_blackstone":1,"minecraft:pumpkin_pie":46,"minecraft:polished_blackstone_bricks":5,"minecraft:sugar":1,"minecraft:iron_pickaxe":3,"minecraft:dark_oak_planks":1,"minecraft:white_wool":2,"minecraft:bone":11,"minecraft:gold_ingot":18,"minecraft:purpur_block":2,"minecraft:oak_door":2,"minecraft:gravel":41,"minecraft:chiseled_polished_blackstone":1,"minecraft:stone_axe":1,"minecraft:blackstone":31,"minecraft:emerald_block":1,"minecraft:sugar_cane":17,"minecraft:iron_nugget":13,"minecraft:chiseled_tuff_bricks":5,"minecraft:cobbled_deepslate":17,"minecraft:nether_brick":14,"minecraft:wheat":42,"minecraft:rotten_flesh":17,"minecraft:oak_planks":52,"minecraft:end_stone":53,"minecraft:carrot":9,"minecraft:chiseled_deepslate":2,"minecraft:poppy":4,"minecraft:gunpowder":2,"minecraft:beetroot_seeds":6,"minecraft:chest":6,"minecraft:end_stone_bricks":6,"minecraft:basalt":2,"minecraft:arrow":720,"minecraft:glass":4,"minecraft:netherrack":323,"minecraft:firework_rocket":1,"minecraft:egg":3,"minecraft:enchanted_book":1,"minecraft:bread":67,"minecraft:iron_ingot":52,"minecraft:wheat_seeds":150,"minecraft:mossy_cobblestone":17,"minecraft:diamond_leggings":4,"minecraft:iron_helmet":1,"minecraft:oak_fence":1,"minecraft:feather":2,"minecraft:cobblestone":307,"minecraft:book":193,"minecraft:spectral_arrow":14,"minecraft:waxed_copper_grate":2,"minecraft:sculk_vein":1,"minecraft:granite":19,"minecraft:tropical_fish":1,"minecraft:coal":9,"minecraft:stick":10,"minecraft:diorite":9,"minecraft:torch":17,"minecraft:diamond_helmet":1,"minecraft:waxed_oxidized_copper":3,"minecraft:fire_charge":1,"minecraft:potion":1,"minecraft:iron_leggings":3,"minecraft:oak_stairs":14,"minecraft:iron_axe":1,"minecraft:iron_shovel":2,"minecraft:string":6412,"minecraft:spruce_sapling":8,"minecraft:dandelion":4,"minecraft:bricks":1,"minecraft:sweet_berries":5,"minecraft:tuff_bricks":110,"minecraft:soul_soil":71,"minecraft:flow_pottery_sherd":2,"minecraft:stone_sword":3,"minecraft:raw_copper":6,"minecraft:deepslate":12,"minecraft:composter":1,"minecraft:raw_iron":118,"minecraft:chicken":1,"minecraft:white_carpet":16,"minecraft:clay_ball":4,"minecraft:iron_boots":2,"minecraft:stripped_oak_log":1,"minecraft:white_terracotta":1,"minecraft:shears":1,"minecraft:potato":12,"minecraft:spruce_boat":4,"minecraft:diamond_chestplate":2,"minecraft:spruce_planks":60,"minecraft:iron_chestplate":1,"minecraft:diamond_pickaxe":1,"minecraft:andesite":31,"minecraft:mossy_stone_bricks":1,"minecraft:waxed_oxidized_cut_copper":5,"minecraft:golden_sword":1,"minecraft:stone_bricks":2,"minecraft:spruce_log":18,"minecraft:diamond_boots":2,"minecraft:bow":25,"minecraft:stone_pickaxe":1,"minecraft:bell":1,"minecraft:calcite":2,"minecraft:brick":6,"minecraft:waxed_oxidized_copper_trapdoor":1},"minecraft:picked_up":{"minecraft:chiseled_deepslate":2,"minecraft:iron_chestplate":16,"minecraft:wheat":46,"minecraft:flower_pot":1,"minecraft:diamond_sword":35,"minecraft:oak_stairs":85,"minecraft:enchanted_book":8,"minecraft:potion":22,"minecraft:gilded_blackstone":1,"minecraft:nether_brick":14,"minecraft:golden_sword":2,"minecraft:amethyst_block":6,"minecraft:string":11296,"minecraft:soul_soil":101,"minecraft:raw_copper":6,"minecraft:iron_leggings":40,"minecraft:netherite_ingot":4,"minecraft:beetroot":2,"minecraft:diamond_leggings":36,"minecraft:gold_nugget":146,"minecraft:cobbled_deepslate":146,"minecraft:bucket":6,"minecraft:spruce_planks":141,"minecraft:trial_key":3,"minecraft:ender_eye":2,"minecraft:calcite":2,"minecraft:iron_pickaxe":46,"minecraft:iron_boots":16,"minecraft:furnace":3,"minecraft:blue_wool":14,"minecraft:tipped_arrow":7,"minecraft:golden_helmet":1,"minecraft:stick":42,"minecraft:composter":1,"minecraft:oak_fence":1,"minecraft:torch":65,"minecraft:purpur_pillar":34,"minecraft:green_bed":1,"minecraft:porkchop":85,"minecraft:golden_axe":5,"minecraft:waxed_copper_grate":4,"minecraft:diorite":64,"minecraft:stone_sword":10,"minecraft:rotten_flesh":88,"minecraft:light_blue_wool":2,"minecraft:tropical_fish":1,"minecraft:vex_armor_trim_smithing_template":6,"minecraft:polished_basalt":2,"minecraft:white_terracotta":1,"minecraft:blaze_rod":28,"minecraft:obsidian":13,"minecraft:iron_bars":2,"minecraft:snowball":28,"minecraft:blaze_powder":96,"minecraft:cobblestone":515,"minecraft:enchanting_table":1,"minecraft:andesite":47,"minecraft:feather":2,"minecraft:cooked_beef":98,"minecraft:magma_cream":2,"minecraft:water_bucket":20,"minecraft:potato":137,"minecraft:flint":11,"minecraft:tuff":83,"minecraft:wither_skeleton_skull":5,"minecraft:dirt":630,"minecraft:bone":132,"minecraft:bow":61,"minecraft:wheat_seeds":150,"minecraft:bell":4,"minecraft:bolt_armor_trim_smithing_template":1,"minecraft:mossy_stone_bricks":4,"minecraft:diamond_helmet":6,"minecraft:glowstone_dust":12,"minecraft:moss_block":3,"minecraft:oak_planks":128,"minecraft:scrape_pottery_sherd":4,"minecraft:waxed_oxidized_copper_trapdoor":1,"minecraft:chiseled_polished_blackstone":1,"minecraft:waxed_oxidized_copper_bulb":1,"minecraft:spectral_arrow":163,"minecraft:dark_oak_log":2,"minecraft:mossy_cobblestone":28,"minecraft:white_candle":3,"minecraft:snout_armor_trim_smithing_template":1,"minecraft:sugar":1,"minecraft:deepslate":108,"minecraft:diamond":26,"minecraft:spruce_boat":8,"minecraft:chorus_fruit":155,"minecraft:cracked_polished_blackstone_bricks":14,"minecraft:breeze_rod":2,"minecraft:crossbow":13,"minecraft:granite":19,"minecraft:bone_meal":30,"minecraft:golden_apple":6,"minecraft:golden_horse_armor":5,"minecraft:emerald":577,"minecraft:bread":155,"minecraft:oak_sapling":3,"minecraft:netherrack":963,"minecraft:ominous_trial_key":1,"minecraft:bricks":1,"minecraft:crimson_roots":2,"minecraft:diamond_pickaxe":7,"minecraft:end_stone_bricks":15,"minecraft:waxed_oxidized_cut_copper":5,"minecraft:crafting_table":7,"minecraft:ominous_bottle":1,"minecraft:chicken":2,"minecraft:brown_mushroom":2,"minecraft:wooden_pickaxe":1,"minecraft:gold_block":6,"minecraft:purpur_block":36,"minecraft:shield":18,"minecraft:brick":134,"minecraft:dragon_breath":25,"minecraft:flint_and_steel":5,"minecraft:wind_charge":4,"minecraft:red_bed":1,"minecraft:elytra":29,"minecraft:iron_axe":14,"minecraft:netherite_scrap":16,"minecraft:white_carpet":43,"minecraft:iron_shovel":7,"minecraft:blackstone":658,"minecraft:cracked_stone_bricks":5,"minecraft:cartography_table":3,"minecraft:beef":24,"minecraft:spire_armor_trim_smithing_template":1,"minecraft:observer":1,"minecraft:iron_nugget":39,"minecraft:poppy":6,"minecraft:guster_pottery_sherd":1,"minecraft:sugar_cane":63,"minecraft:chest":7,"minecraft:waxed_oxidized_copper":6,"minecraft:diamond_hoe":1,"minecraft:egg":4,"minecraft:raw_iron":204,"minecraft:end_stone":163,"minecraft:oak_door":2,"minecraft:bamboo_hanging_sign":4,"minecraft:fire_charge":2,"minecraft:polished_blackstone_bricks":23,"minecraft:flow_pottery_sherd":2,"minecraft:cookie":2,"minecraft:carrot":9,"minecraft:redstone":15,"minecraft:dark_oak_planks":2,"minecraft:arrow":1248,"minecraft:diamond_chestplate":30,"minecraft:beetroot_seeds":6,"minecraft:pumpkin_pie":176,"minecraft:nether_bricks":23,"minecraft:diamond_boots":17,"minecraft:purpur_slab":8,"minecraft:saddle":6,"minecraft:gold_ingot":14,"minecraft:tuff_bricks":111,"minecraft:mutton":15,"minecraft:white_wool":14,"minecraft:skeleton_skull":1,"minecraft:bone_block":42,"minecraft:stripped_oak_log":1,"minecraft:basalt":117,"minecraft:golden_carrot":5,"minecraft:salmon":1,"minecraft:leather":11,"minecraft:red_mushroom":3,"minecraft:purpur_stairs":12,"minecraft:oak_log":66,"minecraft:waxed_copper_block":11,"minecraft:ancient_debris":1,"minecraft:yellow_bed":6,"minecraft:gunpowder":29,"minecraft:cobblestone_stairs":16,"minecraft:sculk_vein":1,"minecraft:white_banner":2,"minecraft:red_carpet":544,"minecraft:apple":22,"minecraft:stone_bricks":9,"minecraft:iron_ingot":61,"minecraft:stone_pickaxe":2,"minecraft:glass_bottle":32,"minecraft:iron_sword":18,"minecraft:soul_sand":68,"minecraft:book":536,"minecraft:emerald_block":3,"minecraft:sweet_berries":104,"minecraft:quartz":25,"minecraft:dandelion":9,"minecraft:gravel":448,"minecraft:lava_bucket":1,"minecraft:amethyst_shard":4,"minecraft:spruce_sapling":38,"minecraft:white_bed":2,"minecraft:spruce_log":100,"minecraft:spider_eye":49,"minecraft:dragon_egg":2,"minecraft:firework_rocket":137,"minecraft:diamond_shovel":22,"minecraft:stone_axe":2,"minecraft:iron_helmet":14,"minecraft:diamond_axe":7,"minecraft:baked_potato":20,"minecraft:coal":102,"minecraft:chiseled_tuff_bricks":22,"minecraft:ender_pearl":3233,"minecraft:shulker_shell":7},"minecraft:crafted":{"minecraft:oak_planks":184,"minecraft:cobblestone_stairs":40,"minecraft:lever":1,"minecraft:bookshelf":38,"minecraft:glass":4,"minecraft:diamond_helmet":2,"minecraft:bow":13,"minecraft:iron_boots":3,"minecraft:chest":4,"minecraft:ender_eye":2,"minecraft:dropper":1,"minecraft:item_frame":3,"minecraft:arrow":672,"minecraft:emerald":524,"minecraft:diamond_axe":1,"minecraft:crafting_table":3,"minecraft:spruce_planks":232,"minecraft:iron_helmet":2,"minecraft:fletching_table":10,"minecraft:iron_chestplate":2,"minecraft:diamond_pickaxe":1,"minecraft:shield":2,"minecraft:crafter":1,"minecraft:stick":120,"minecraft:iron_ingot":105,"minecraft:iron_pickaxe":3,"minecraft:gold_ingot":18,"minecraft:netherite_ingot":2,"minecraft:shears":1,"minecraft:redstone":48,"minecraft:furnace":8,"minecraft:iron_axe":2,"minecraft:netherite_scrap":8,"minecraft:dark_oak_planks":8,"minecraft:observer":1,"minecraft:cooked_beef":24,"minecraft:crossbow":2,"minecraft:diamond_sword":1,"minecraft:enchanting_table":1,"minecraft:iron_sword":2,"minecraft:bucket":1,"minecraft:glowstone":12,"minecraft:enchanted_book":1,"minecraft:bread":152,"minecraft:flint":10,"minecraft:iron_shovel":4,"minecraft:iron_leggings":2,"minecraft:white_bed":1,"minecraft:pumpkin_pie":60,"minecraft:torch":12,"minecraft:lapis_lazuli":24},"minecraft:killed_by":{"minecraft:zombified_piglin":1,"minecraft:wither_skeleton":1,"minecraft:vindicator":2,"minecraft:blaze":1,"minecraft:zombie":3,"minecraft:player":6,"minecraft:enderman":4,"minecraft:iron_golem":2,"minecraft:ender_dragon":5,"minecraft:shulker":4,"minecraft:warden":1,"minecraft:skeleton":1},"minecraft:killed":{"minecraft:zombified_piglin":2,"minecraft:spider":6,"minecraft:shulker":3,"minecraft:skeleton":11,"minecraft:chicken":2,"minecraft:tropical_fish":2,"minecraft:magma_cube":6,"minecraft:piglin":2,"minecraft:pig":4,"minecraft:salmon":4,"minecraft:iron_golem":5,"minecraft:sheep":4,"minecraft:pillager":2,"minecraft:zombie":16,"minecraft:cow":12,"minecraft:endermite":1,"minecraft:vindicator":1,"minecraft:drowned":1,"minecraft:breeze":1,"minecraft:wither_skeleton":5,"minecraft:villager":1,"minecraft:enderman":270}},"DataVersion":3955}