{"stats":{"minecraft:crafted":{"minecraft:oak_planks":184,"minecraft:redstone":24,"minecraft:furnace":8,"minecraft:cobblestone_stairs":40,"minecraft:bookshelf":16,"minecraft:diamond_helmet":1,"minecraft:bow":13,"minecraft:iron_boots":2,"minecraft:iron_axe":2,"minecraft:diamond_sword":1,"minecraft:arrow":672,"minecraft:emerald":387,"minecraft:diamond_axe":1,"minecraft:crafting_table":1,"minecraft:spruce_planks":96,"minecraft:enchanting_table":1,"minecraft:iron_helmet":1,"minecraft:iron_sword":2,"minecraft:fletching_table":10,"minecraft:enchanted_book":1,"minecraft:bread":152,"minecraft:diamond_pickaxe":1,"minecraft:iron_chestplate":2,"minecraft:shield":2,"minecraft:stick":96,"minecraft:flint":10,"minecraft:iron_ingot":105,"minecraft:iron_pickaxe":3,"minecraft:iron_shovel":4,"minecraft:iron_leggings":2,"minecraft:pumpkin_pie":60,"minecraft:shears":1,"minecraft:lapis_lazuli":12},"minecraft:used":{"minecraft:beetroot":2,"minecraft:enchanting_table":1,"minecraft:iron_shovel":952,"minecraft:spruce_planks":7,"minecraft:shield":11,"minecraft:iron_sword":50,"minecraft:bell":1,"minecraft:netherrack":13,"minecraft:iron_chestplate":1,"minecraft:soul_sand":5,"minecraft:dirt":144,"minecraft:mutton":4,"minecraft:carrot":8,"minecraft:diamond_helmet":1,"minecraft:snowball":27,"minecraft:bookshelf":16,"minecraft:iron_axe":425,"minecraft:oak_stairs":71,"minecraft:iron_helmet":2,"minecraft:iron_boots":2,"minecraft:bow":60,"minecraft:soul_soil":4,"minecraft:sweet_berries":10,"minecraft:oak_sapling":1,"minecraft:potato":12,"minecraft:cobbled_deepslate":45,"minecraft:iron_leggings":1,"minecraft:wheat_seeds":42,"minecraft:diorite":5,"minecraft:cobblestone_stairs":50,"minecraft:oak_planks":9,"minecraft:diamond_axe":1,"minecraft:fletching_table":10,"minecraft:crafting_table":1,"minecraft:diamond_pickaxe":227,"minecraft:diamond_shovel":131,"minecraft:chicken":1,"minecraft:bread":33,"minecraft:string":16,"minecraft:iron_pickaxe":570,"minecraft:spruce_sapling":23,"minecraft:gravel":54,"minecraft:golden_helmet":1,"minecraft:stone_axe":48,"minecraft:cobblestone":21,"minecraft:pumpkin_pie":1,"minecraft:yellow_bed":1,"minecraft:bone_meal":30},"minecraft:custom":{"minecraft:interact_with_anvil":7,"minecraft:mob_kills":15,"minecraft:interact_with_crafting_table":40,"minecraft:bell_ring":1,"minecraft:leave_game":7,"minecraft:time_since_death":160353,"minecraft:climb_one_cm":3229,"minecraft:sprint_one_cm":597175,"minecraft:walk_one_cm":566587,"minecraft:damage_blocked_by_shield":425,"minecraft:drop":194,"minecraft:talked_to_villager":125,"minecraft:play_time":274532,"minecraft:sneak_time":6307,"minecraft:deaths":3,"minecraft:walk_under_water_one_cm":26349,"minecraft:boat_one_cm":221602,"minecraft:jump":3408,"minecraft:interact_with_blast_furnace":1,"minecraft:walk_on_water_one_cm":47503,"minecraft:total_world_time":274532,"minecraft:interact_with_furnace":27,"minecraft:traded_with_villager":508,"minecraft:sleep_in_bed":14,"minecraft:time_since_rest":33099,"minecraft:damage_taken":2380,"minecraft:damage_dealt":3143,"minecraft:swim_one_cm":66436,"minecraft:fly_one_cm":657308,"minecraft:open_chest":97,"minecraft:crouch_one_cm":12757,"minecraft:fall_one_cm":75443},"minecraft:broken":{"minecraft:iron_shovel":2,"minecraft:diamond_shovel":1,"minecraft:iron_axe":1,"minecraft:stone_axe":1},"minecraft:dropped":{"minecraft:bread":67,"minecraft:iron_ingot":45,"minecraft:iron_sword":1,"minecraft:soul_sand":8,"minecraft:wheat_seeds":106,"minecraft:diamond_axe":1,"minecraft:oak_log":20,"minecraft:mossy_cobblestone":17,"minecraft:diamond":13,"minecraft:oak_fence":1,"minecraft:feather":2,"minecraft:cobblestone":193,"minecraft:book":191,"minecraft:emerald":125,"minecraft:stick":5,"minecraft:dirt":366,"minecraft:diorite":9,"minecraft:torch":7,"minecraft:mutton":2,"minecraft:snowball":1,"minecraft:oak_stairs":13,"minecraft:iron_axe":1,"minecraft:iron_pickaxe":3,"minecraft:sugar":1,"minecraft:iron_shovel":2,"minecraft:string":3163,"minecraft:bone":1,"minecraft:dandelion":1,"minecraft:oak_door":2,"minecraft:gravel":27,"minecraft:sweet_berries":5,"minecraft:soul_soil":66,"minecraft:iron_nugget":13,"minecraft:cobbled_deepslate":12,"minecraft:wheat":40,"minecraft:composter":1,"minecraft:raw_iron":117,"minecraft:rotten_flesh":10,"minecraft:oak_planks":49,"minecraft:stripped_oak_log":1,"minecraft:shears":1,"minecraft:carrot":9,"minecraft:poppy":4,"minecraft:potato":12,"minecraft:spruce_boat":3,"minecraft:gunpowder":2,"minecraft:spruce_planks":57,"minecraft:andesite":26,"minecraft:beetroot_seeds":6,"minecraft:chest":2,"minecraft:spruce_log":18,"minecraft:basalt":2,"minecraft:bow":19,"minecraft:arrow":613,"minecraft:stone_pickaxe":1,"minecraft:bell":1,"minecraft:netherrack":71,"minecraft:egg":1},"minecraft:killed_by":{"minecraft:zombie":2},"minecraft:killed":{"minecraft:skeleton":2,"minecraft:chicken":1,"minecraft:tropical_fish":1,"minecraft:salmon":3,"minecraft:iron_golem":3,"minecraft:zombie":4,"minecraft:villager":1},"minecraft:picked_up":{"minecraft:crafting_table":3,"minecraft:iron_chestplate":2,"minecraft:wheat":46,"minecraft:chicken":1,"minecraft:wooden_pickaxe":1,"minecraft:oak_stairs":84,"minecraft:enchanted_book":2,"minecraft:shield":2,"minecraft:string":8927,"minecraft:soul_soil":70,"minecraft:iron_axe":2,"minecraft:iron_leggings":2,"minecraft:iron_shovel":3,"minecraft:beetroot":2,"minecraft:gold_nugget":22,"minecraft:cobbled_deepslate":121,"minecraft:spruce_planks":57,"minecraft:iron_nugget":39,"minecraft:poppy":4,"minecraft:iron_pickaxe":4,"minecraft:chest":2,"minecraft:furnace":2,"minecraft:iron_boots":2,"minecraft:egg":1,"minecraft:stick":9,"minecraft:raw_iron":203,"minecraft:oak_door":2,"minecraft:oak_fence":1,"minecraft:composter":1,"minecraft:torch":20,"minecraft:diorite":17,"minecraft:carrot":9,"minecraft:redstone":15,"minecraft:arrow":353,"minecraft:rotten_flesh":11,"minecraft:beetroot_seeds":6,"minecraft:pumpkin_pie":24,"minecraft:bone_block":42,"minecraft:obsidian":4,"minecraft:mutton":4,"minecraft:snowball":28,"minecraft:white_wool":3,"minecraft:cobblestone":291,"minecraft:stripped_oak_log":1,"minecraft:feather":2,"minecraft:basalt":2,"minecraft:andesite":39,"minecraft:potato":12,"minecraft:flint":11,"minecraft:tuff":64,"minecraft:oak_log":66,"minecraft:yellow_bed":2,"minecraft:gunpowder":2,"minecraft:cobblestone_stairs":10,"minecraft:dirt":513,"minecraft:bone":1,"minecraft:apple":22,"minecraft:bow":8,"minecraft:wheat_seeds":137,"minecraft:bell":4,"minecraft:iron_ingot":16,"minecraft:stone_pickaxe":2,"minecraft:moss_block":3,"minecraft:iron_sword":2,"minecraft:oak_planks":94,"minecraft:soul_sand":20,"minecraft:sweet_berries":15,"minecraft:quartz":10,"minecraft:dandelion":1,"minecraft:gravel":91,"minecraft:spruce_sapling":31,"minecraft:spruce_log":66,"minecraft:mossy_cobblestone":17,"minecraft:spruce_boat":3,"minecraft:sugar":1,"minecraft:diamond":9,"minecraft:stone_axe":1,"minecraft:iron_helmet":2,"minecraft:diamond_axe":1,"minecraft:bone_meal":30,"minecraft:emerald":48,"minecraft:bread":132,"minecraft:oak_sapling":1,"minecraft:netherrack":148,"minecraft:coal":69},"minecraft:mined":{"minecraft:nether_gold_ore":8,"minecraft:mossy_cobblestone":18,"minecraft:oak_door":2,"minecraft:cobblestone_stairs":10,"minecraft:cave_vines_plant":1,"minecraft:grass_block":61,"minecraft:soul_soil":81,"minecraft:spruce_leaves":107,"minecraft:composter":1,"minecraft:moss_block":10,"minecraft:spruce_sapling":4,"minecraft:furnace":2,"minecraft:carrots":9,"minecraft:iron_ore":14,"minecraft:fire":1,"minecraft:snow":28,"minecraft:andesite":40,"minecraft:bell":2,"minecraft:potatoes":12,"minecraft:deepslate_iron_ore":8,"minecraft:dirt_path":243,"minecraft:oak_stairs":84,"minecraft:stripped_oak_log":1,"minecraft:stone":193,"minecraft:bone_block":42,"minecraft:tripwire":5,"minecraft:glass_pane":5,"minecraft:soul_sand":20,"minecraft:oak_fence":1,"minecraft:crafting_table":1,"minecraft:short_grass":8,"minecraft:chest":2,"minecraft:nether_quartz_ore":10,"minecraft:cobblestone":134,"minecraft:oak_planks":35,"minecraft:diorite":21,"minecraft:wall_torch":4,"minecraft:seagrass":3,"minecraft:wheat":83,"minecraft:sweet_berry_bush":6,"minecraft:spruce_log":48,"minecraft:yellow_bed":2,"minecraft:oak_log":68,"minecraft:coal_ore":38,"minecraft:beetroots":2,"minecraft:gravel":124,"minecraft:dirt":175,"minecraft:netherrack":156,"minecraft:oak_leaves":7,"minecraft:deepslate":57}},"DataVersion":3955}