{"stats":{"minecraft:crafted":{"minecraft:oak_planks":184,"minecraft:redstone":24,"minecraft:furnace":8,"minecraft:cobblestone_stairs":40,"minecraft:bookshelf":16,"minecraft:diamond_helmet":1,"minecraft:bow":13,"minecraft:iron_boots":2,"minecraft:iron_axe":2,"minecraft:diamond_sword":1,"minecraft:arrow":672,"minecraft:emerald":387,"minecraft:diamond_axe":1,"minecraft:crafting_table":1,"minecraft:spruce_planks":96,"minecraft:enchanting_table":1,"minecraft:iron_helmet":1,"minecraft:iron_sword":2,"minecraft:fletching_table":10,"minecraft:enchanted_book":1,"minecraft:bread":152,"minecraft:diamond_pickaxe":1,"minecraft:iron_chestplate":2,"minecraft:shield":2,"minecraft:stick":96,"minecraft:flint":10,"minecraft:iron_ingot":105,"minecraft:iron_pickaxe":3,"minecraft:gold_ingot":18,"minecraft:iron_shovel":4,"minecraft:iron_leggings":2,"minecraft:pumpkin_pie":60,"minecraft:shears":1,"minecraft:lapis_lazuli":12},"minecraft:used":{"minecraft:beetroot":2,"minecraft:enchanting_table":1,"minecraft:iron_shovel":968,"minecraft:spruce_planks":7,"minecraft:shield":11,"minecraft:iron_sword":50,"minecraft:bell":1,"minecraft:netherrack":32,"minecraft:iron_chestplate":1,"minecraft:soul_sand":5,"minecraft:dirt":144,"minecraft:mutton":4,"minecraft:carrot":8,"minecraft:diamond_helmet":1,"minecraft:snowball":27,"minecraft:bookshelf":16,"minecraft:iron_axe":425,"minecraft:oak_stairs":71,"minecraft:iron_helmet":2,"minecraft:iron_boots":2,"minecraft:bow":60,"minecraft:soul_soil":18,"minecraft:sweet_berries":10,"minecraft:oak_sapling":1,"minecraft:potato":12,"minecraft:cobbled_deepslate":45,"minecraft:iron_leggings":1,"minecraft:wheat_seeds":42,"minecraft:diorite":5,"minecraft:cobblestone_stairs":50,"minecraft:oak_planks":9,"minecraft:diamond_axe":2,"minecraft:fletching_table":10,"minecraft:crafting_table":1,"minecraft:diamond_pickaxe":331,"minecraft:diamond_shovel":131,"minecraft:chicken":1,"minecraft:bread":33,"minecraft:string":16,"minecraft:iron_pickaxe":570,"minecraft:spruce_sapling":23,"minecraft:gravel":61,"minecraft:golden_helmet":1,"minecraft:stone_axe":48,"minecraft:potion":2,"minecraft:diamond_sword":14,"minecraft:cobblestone":21,"minecraft:pumpkin_pie":1,"minecraft:yellow_bed":1,"minecraft:bone_meal":30},"minecraft:custom":{"minecraft:interact_with_anvil":7,"minecraft:mob_kills":16,"minecraft:interact_with_crafting_table":40,"minecraft:bell_ring":1,"minecraft:leave_game":7,"minecraft:time_since_death":172353,"minecraft:climb_one_cm":3229,"minecraft:sprint_one_cm":604940,"minecraft:walk_one_cm":606677,"minecraft:damage_blocked_by_shield":425,"minecraft:drop":205,"minecraft:talked_to_villager":125,"minecraft:play_time":286532,"minecraft:sneak_time":7356,"minecraft:deaths":3,"minecraft:walk_under_water_one_cm":26349,"minecraft:boat_one_cm":223508,"minecraft:jump":3526,"minecraft:interact_with_blast_furnace":1,"minecraft:walk_on_water_one_cm":47503,"minecraft:total_world_time":286532,"minecraft:interact_with_furnace":27,"minecraft:traded_with_villager":508,"minecraft:sleep_in_bed":14,"minecraft:time_since_rest":45099,"minecraft:damage_taken":2609,"minecraft:damage_dealt":3418,"minecraft:swim_one_cm":66436,"minecraft:fly_one_cm":659079,"minecraft:open_chest":102,"minecraft:crouch_one_cm":14174,"minecraft:fall_one_cm":79841},"minecraft:broken":{"minecraft:iron_shovel":2,"minecraft:diamond_shovel":1,"minecraft:iron_axe":1,"minecraft:stone_axe":1},"minecraft:dropped":{"minecraft:bread":67,"minecraft:iron_ingot":45,"minecraft:iron_sword":1,"minecraft:soul_sand":8,"minecraft:wheat_seeds":106,"minecraft:diamond_axe":1,"minecraft:oak_log":20,"minecraft:mossy_cobblestone":17,"minecraft:glass_bottle":2,"minecraft:diamond":13,"minecraft:oak_fence":1,"minecraft:feather":2,"minecraft:cobblestone":193,"minecraft:book":191,"minecraft:emerald":125,"minecraft:stick":5,"minecraft:dirt":366,"minecraft:diorite":9,"minecraft:torch":7,"minecraft:mutton":2,"minecraft:snowball":1,"minecraft:fire_charge":1,"minecraft:oak_stairs":13,"minecraft:iron_axe":1,"minecraft:iron_pickaxe":3,"minecraft:sugar":1,"minecraft:iron_shovel":2,"minecraft:string":3163,"minecraft:gold_ingot":18,"minecraft:bone":1,"minecraft:dandelion":1,"minecraft:oak_door":2,"minecraft:gravel":27,"minecraft:chiseled_polished_blackstone":1,"minecraft:sweet_berries":5,"minecraft:soul_soil":66,"minecraft:iron_nugget":13,"minecraft:cobbled_deepslate":12,"minecraft:nether_brick":8,"minecraft:wheat":40,"minecraft:composter":1,"minecraft:raw_iron":117,"minecraft:rotten_flesh":10,"minecraft:oak_planks":52,"minecraft:stripped_oak_log":1,"minecraft:shears":1,"minecraft:carrot":9,"minecraft:poppy":4,"minecraft:potato":12,"minecraft:spruce_boat":3,"minecraft:gunpowder":2,"minecraft:spruce_planks":57,"minecraft:andesite":26,"minecraft:beetroot_seeds":6,"minecraft:chest":2,"minecraft:spruce_log":18,"minecraft:basalt":2,"minecraft:bow":19,"minecraft:arrow":677,"minecraft:stone_pickaxe":1,"minecraft:bell":1,"minecraft:netherrack":71,"minecraft:egg":1},"minecraft:killed_by":{"minecraft:zombie":2},"minecraft:killed":{"minecraft:skeleton":2,"minecraft:chicken":1,"minecraft:tropical_fish":1,"minecraft:piglin":1,"minecraft:salmon":3,"minecraft:iron_golem":3,"minecraft:zombie":4,"minecraft:villager":1},"minecraft:picked_up":{"minecraft:crafting_table":3,"minecraft:iron_chestplate":2,"minecraft:wheat":46,"minecraft:chicken":1,"minecraft:wooden_pickaxe":1,"minecraft:oak_stairs":84,"minecraft:potion":2,"minecraft:gold_block":2,"minecraft:enchanted_book":2,"minecraft:gilded_blackstone":1,"minecraft:nether_brick":14,"minecraft:shield":2,"minecraft:string":8947,"minecraft:soul_soil":84,"minecraft:iron_axe":2,"minecraft:iron_leggings":2,"minecraft:iron_shovel":3,"minecraft:blackstone":82,"minecraft:beetroot":2,"minecraft:gold_nugget":27,"minecraft:cobbled_deepslate":121,"minecraft:spruce_planks":57,"minecraft:iron_nugget":39,"minecraft:poppy":4,"minecraft:iron_pickaxe":4,"minecraft:chest":3,"minecraft:furnace":2,"minecraft:iron_boots":2,"minecraft:egg":1,"minecraft:stick":9,"minecraft:raw_iron":203,"minecraft:oak_door":2,"minecraft:oak_fence":1,"minecraft:composter":1,"minecraft:torch":20,"minecraft:fire_charge":2,"minecraft:polished_blackstone_bricks":5,"minecraft:diorite":17,"minecraft:carrot":9,"minecraft:redstone":15,"minecraft:arrow":353,"minecraft:rotten_flesh":11,"minecraft:beetroot_seeds":6,"minecraft:pumpkin_pie":24,"minecraft:bone_block":42,"minecraft:obsidian":4,"minecraft:mutton":4,"minecraft:snowball":28,"minecraft:white_wool":3,"minecraft:cobblestone":291,"minecraft:stripped_oak_log":1,"minecraft:feather":2,"minecraft:basalt":2,"minecraft:magma_cream":2,"minecraft:andesite":39,"minecraft:potato":12,"minecraft:flint":11,"minecraft:tuff":64,"minecraft:oak_log":66,"minecraft:yellow_bed":2,"minecraft:gunpowder":2,"minecraft:cobblestone_stairs":10,"minecraft:dirt":513,"minecraft:bone":1,"minecraft:apple":22,"minecraft:bow":8,"minecraft:wheat_seeds":137,"minecraft:bell":4,"minecraft:iron_ingot":16,"minecraft:stone_pickaxe":2,"minecraft:moss_block":3,"minecraft:iron_sword":3,"minecraft:oak_planks":97,"minecraft:soul_sand":34,"minecraft:chiseled_polished_blackstone":1,"minecraft:sweet_berries":15,"minecraft:quartz":10,"minecraft:dandelion":1,"minecraft:gravel":105,"minecraft:spruce_sapling":31,"minecraft:spruce_log":66,"minecraft:mossy_cobblestone":17,"minecraft:spruce_boat":4,"minecraft:sugar":1,"minecraft:diamond":9,"minecraft:stone_axe":1,"minecraft:cracked_polished_blackstone_bricks":2,"minecraft:iron_helmet":2,"minecraft:diamond_axe":1,"minecraft:bone_meal":30,"minecraft:emerald":48,"minecraft:bread":132,"minecraft:oak_sapling":1,"minecraft:netherrack":196,"minecraft:coal":69},"minecraft:mined":{"minecraft:nether_gold_ore":8,"minecraft:mossy_cobblestone":18,"minecraft:oak_door":2,"minecraft:cobblestone_stairs":10,"minecraft:chiseled_polished_blackstone":1,"minecraft:cave_vines_plant":1,"minecraft:grass_block":61,"minecraft:cracked_polished_blackstone_bricks":3,"minecraft:soul_soil":100,"minecraft:spruce_leaves":107,"minecraft:composter":1,"minecraft:moss_block":10,"minecraft:polished_blackstone_bricks":5,"minecraft:spruce_sapling":4,"minecraft:furnace":2,"minecraft:carrots":9,"minecraft:iron_ore":14,"minecraft:fire":1,"minecraft:snow":28,"minecraft:andesite":40,"minecraft:gold_block":1,"minecraft:bell":2,"minecraft:potatoes":12,"minecraft:deepslate_iron_ore":8,"minecraft:dirt_path":243,"minecraft:oak_stairs":84,"minecraft:stripped_oak_log":1,"minecraft:stone":193,"minecraft:bone_block":42,"minecraft:tripwire":5,"minecraft:glass_pane":5,"minecraft:blackstone":31,"minecraft:soul_sand":20,"minecraft:oak_fence":1,"minecraft:crafting_table":1,"minecraft:short_grass":8,"minecraft:chest":3,"minecraft:nether_quartz_ore":10,"minecraft:cobblestone":134,"minecraft:oak_planks":35,"minecraft:diorite":21,"minecraft:wall_torch":4,"minecraft:seagrass":3,"minecraft:wheat":83,"minecraft:sweet_berry_bush":6,"minecraft:spruce_log":48,"minecraft:yellow_bed":2,"minecraft:oak_log":68,"minecraft:coal_ore":38,"minecraft:beetroots":2,"minecraft:gravel":124,"minecraft:dirt":175,"minecraft:netherrack":214,"minecraft:oak_leaves":7,"minecraft:deepslate":57}},"DataVersion":3955}