{"stats":{"minecraft:mined":{"minecraft:dark_oak_planks":3,"minecraft:white_bed":6,"minecraft:carved_pumpkin":1,"minecraft:obsidian":3,"minecraft:granite":6,"minecraft:chiseled_polished_blackstone":1,"minecraft:chiseled_tuff_bricks":17,"minecraft:blue_wool":2,"minecraft:polished_blackstone_bricks":42,"minecraft:tall_seagrass":1,"minecraft:fire":18,"minecraft:waxed_oxidized_copper_bulb":1,"minecraft:enchanting_table":1,"minecraft:sculk_shrieker":1,"minecraft:dirt_path":251,"minecraft:oak_stairs":84,"minecraft:tripwire":6,"minecraft:red_bed":1,"minecraft:crimson_nylium":1,"minecraft:soul_fire":1,"minecraft:amethyst_cluster":2,"minecraft:torch":1,"minecraft:white_candle":1,"minecraft:sugar_cane":41,"minecraft:bricks":1,"minecraft:amethyst_block":21,"minecraft:skeleton_skull":2,"minecraft:waxed_oxidized_copper_trapdoor":1,"minecraft:wheat":121,"minecraft:waxed_copper_block":7,"minecraft:smooth_basalt":9,"minecraft:deepslate":127,"minecraft:light_blue_wool":4,"minecraft:mossy_cobblestone":28,"minecraft:dark_oak_log":2,"minecraft:end_stone":66,"minecraft:nether_bricks":17,"minecraft:dark_oak_fence":8,"minecraft:crimson_roots":1,"minecraft:moss_block":10,"minecraft:cartography_table":1,"minecraft:waxed_oxidized_cut_copper":5,"minecraft:waxed_copper_grate":4,"minecraft:snow":28,"minecraft:andesite":50,"minecraft:chiseled_tuff":1,"minecraft:potatoes":12,"minecraft:bone_block":42,"minecraft:white_wool":4,"minecraft:glass_pane":19,"minecraft:soul_sand":28,"minecraft:dandelion":2,"minecraft:short_grass":73,"minecraft:tall_grass":7,"minecraft:purpur_pillar":37,"minecraft:copper_ore":2,"minecraft:deepslate_gold_ore":14,"minecraft:diorite":42,"minecraft:white_carpet":2,"minecraft:spruce_log":82,"minecraft:gravel":124,"minecraft:stone_bricks":6,"minecraft:fern":3,"minecraft:spruce_planks":9,"minecraft:cobblestone_stairs":16,"minecraft:sculk_vein":119,"minecraft:cave_vines_plant":1,"minecraft:budding_amethyst":3,"minecraft:grass_block":74,"minecraft:cracked_polished_blackstone_bricks":26,"minecraft:soul_soil":106,"minecraft:composter":1,"minecraft:tuff_bricks":15,"minecraft:gilded_blackstone":1,"minecraft:bamboo_wall_hanging_sign":2,"minecraft:glowstone":1,"minecraft:sculk_catalyst":1,"minecraft:iron_ore":15,"minecraft:polished_tuff":1,"minecraft:end_stone_bricks":9,"minecraft:green_bed":1,"minecraft:blackstone":168,"minecraft:medium_amethyst_bud":1,"minecraft:purpur_stairs":5,"minecraft:calcite":18,"minecraft:chest":4,"minecraft:nether_quartz_ore":18,"minecraft:wither_skeleton_wall_skull":1,"minecraft:cobblestone":213,"minecraft:oak_planks":35,"minecraft:wall_torch":5,"minecraft:seagrass":3,"minecraft:purpur_block":47,"minecraft:cracked_deepslate_tiles":1,"minecraft:oak_log":68,"minecraft:beetroots":2,"minecraft:waxed_oxidized_copper":3,"minecraft:sand":2,"minecraft:dirt":259,"minecraft:netherrack":679,"minecraft:ancient_debris":1,"minecraft:oak_leaves":18,"minecraft:emerald_block":2,"minecraft:nether_gold_ore":18,"minecraft:red_carpet":2,"minecraft:dark_oak_leaves":3,"minecraft:deepslate_diamond_ore":30,"minecraft:oak_door":2,"minecraft:decorated_pot":14,"minecraft:spruce_leaves":159,"minecraft:large_fern":4,"minecraft:hay_block":4,"minecraft:spruce_sapling":4,"minecraft:furnace":3,"minecraft:carrots":9,"minecraft:polished_basalt":7,"minecraft:chiseled_deepslate":3,"minecraft:gold_block":1,"minecraft:bell":2,"minecraft:polished_deepslate":3,"minecraft:bookshelf":19,"minecraft:deepslate_iron_ore":8,"minecraft:lantern":1,"minecraft:stripped_oak_log":1,"minecraft:chorus_plant":3,"minecraft:stone":395,"minecraft:podzol":6,"minecraft:magenta_stained_glass":4,"minecraft:infested_stone_bricks":1,"minecraft:basalt":36,"minecraft:oak_fence":3,"minecraft:crafting_table":2,"minecraft:sculk_sensor":15,"minecraft:sculk":1585,"minecraft:spruce_stairs":1,"minecraft:birch_planks":1,"minecraft:sweet_berry_bush":12,"minecraft:white_wall_banner":1,"minecraft:yellow_bed":5,"minecraft:coal_ore":41,"minecraft:cracked_stone_bricks":3,"minecraft:mossy_stone_bricks":2},"minecraft:broken":{"minecraft:diamond_helmet":2,"minecraft:iron_chestplate":1,"minecraft:diamond_shovel":1,"minecraft:iron_sword":2,"minecraft:iron_axe":1,"minecraft:iron_shovel":2,"minecraft:stone_axe":1,"minecraft:diamond_hoe":1,"minecraft:golden_axe":1,"minecraft:diamond_axe":1},"minecraft:custom":{"minecraft:interact_with_crafting_table":71,"minecraft:open_barrel":9,"minecraft:bell_ring":1,"minecraft:leave_game":17,"minecraft:time_since_death":167,"minecraft:damage_blocked_by_shield":1534,"minecraft:play_time":1126296,"minecraft:deaths":61,"minecraft:jump":18082,"minecraft:interact_with_furnace":43,"minecraft:traded_with_villager":668,"minecraft:sleep_in_bed":38,"minecraft:damage_dealt":57392,"minecraft:inspect_dispenser":2,"minecraft:interact_with_smithing_table":3,"minecraft:interact_with_anvil":19,"minecraft:inspect_hopper":3,"minecraft:sneak_time":30017,"minecraft:interact_with_blast_furnace":1,"minecraft:total_world_time":1126296,"minecraft:time_since_rest":194,"minecraft:swim_one_cm":329633,"minecraft:fly_one_cm":3895027,"minecraft:open_chest":522,"minecraft:fall_one_cm":520917,"minecraft:open_shulker_box":21,"minecraft:sprint_one_cm":3003192,"minecraft:drop":576,"minecraft:talked_to_villager":159,"minecraft:interact_with_brewingstand":2,"minecraft:walk_on_water_one_cm":279376,"minecraft:open_enderchest":40,"minecraft:interact_with_beacon":4,"minecraft:player_kills":3,"minecraft:crouch_one_cm":44497,"minecraft:mob_kills":1651,"minecraft:climb_one_cm":16807,"minecraft:walk_one_cm":2407666,"minecraft:raid_win":8,"minecraft:walk_under_water_one_cm":108534,"minecraft:boat_one_cm":279755,"minecraft:raid_trigger":5,"minecraft:damage_taken":45752,"minecraft:damage_absorbed":121,"minecraft:trigger_trapped_chest":12,"minecraft:aviate_one_cm":3663628},"minecraft:used":{"minecraft:beetroot":2,"minecraft:tuff_bricks":1,"minecraft:elytra":18,"minecraft:chest":5,"minecraft:rotten_flesh":9,"minecraft:soul_sand":13,"minecraft:crafter":1,"minecraft:snowball":27,"minecraft:lava_bucket":19,"minecraft:bow":125,"minecraft:ominous_bottle":4,"minecraft:sweet_berries":25,"minecraft:furnace":1,"minecraft:oak_sapling":1,"minecraft:potato":31,"minecraft:mossy_stone_bricks":1,"minecraft:diorite":51,"minecraft:chorus_fruit":98,"minecraft:blackstone":237,"minecraft:purpur_pillar":21,"minecraft:cookie":26,"minecraft:golden_apple":3,"minecraft:glow_berries":1,"minecraft:sand":66,"minecraft:chiseled_tuff_bricks":17,"minecraft:diamond_sword":748,"minecraft:fire_charge":1,"minecraft:dark_oak_fence":1,"minecraft:enchanting_table":2,"minecraft:carved_pumpkin":1,"minecraft:netherrack":275,"minecraft:trial_key":3,"minecraft:torch":5,"minecraft:dragon_egg":3,"minecraft:iron_axe":575,"minecraft:bamboo_hanging_sign":2,"minecraft:diamond_chestplate":12,"minecraft:basalt":87,"minecraft:beef":5,"minecraft:cobbled_deepslate":81,"minecraft:golden_axe":23,"minecraft:wheat_seeds":42,"minecraft:water_bucket":90,"minecraft:birch_planks":1,"minecraft:cartography_table":1,"minecraft:fletching_table":10,"minecraft:cracked_stone_bricks":1,"minecraft:salmon":1,"minecraft:mossy_cobblestone":9,"minecraft:crafting_table":3,"minecraft:red_bed":1,"minecraft:sculk_shrieker":4,"minecraft:white_bed":5,"minecraft:diamond_pickaxe":952,"minecraft:diamond_shovel":156,"minecraft:wind_charge":4,"minecraft:iron_pickaxe":1563,"minecraft:purpur_slab":4,"minecraft:spruce_sapling":25,"minecraft:cobblestone":256,"minecraft:potion":16,"minecraft:porkchop":12,"minecraft:diamond_leggings":8,"minecraft:iron_shovel":1099,"minecraft:diamond_hoe":1663,"minecraft:polished_basalt":1,"minecraft:shield":61,"minecraft:iron_sword":417,"minecraft:bell":1,"minecraft:iron_chestplate":6,"minecraft:white_candle":3,"minecraft:mutton":11,"minecraft:carrot":11,"minecraft:waxed_copper_grate":2,"minecraft:waxed_oxidized_copper":3,"minecraft:iron_helmet":5,"minecraft:stone_bricks":3,"minecraft:item_frame":3,"minecraft:red_carpet":2,"minecraft:skeleton_skull":1,"minecraft:diamond_boots":8,"minecraft:wither_skeleton_skull":2,"minecraft:oak_planks":13,"minecraft:ender_pearl":115,"minecraft:diamond_axe":211,"minecraft:sugar_cane":5,"minecraft:white_wool":3,"minecraft:light_blue_wool":2,"minecraft:crossbow":12,"minecraft:end_stone":8,"minecraft:lever":1,"minecraft:firework_rocket":82,"minecraft:bread":94,"minecraft:string":22,"minecraft:deepslate":6,"minecraft:gravel":63,"minecraft:golden_helmet":1,"minecraft:andesite":3,"minecraft:bone_meal":30,"minecraft:experience_bottle":11,"minecraft:purpur_block":25,"minecraft:netherite_sword":959,"minecraft:flint_and_steel":14,"minecraft:spruce_planks":49,"minecraft:cooked_chicken":1,"minecraft:dirt":267,"minecraft:white_carpet":1,"minecraft:diamond_helmet":8,"minecraft:bookshelf":37,"minecraft:oak_stairs":71,"minecraft:iron_boots":5,"minecraft:soul_soil":18,"minecraft:cooked_beef":50,"minecraft:iron_leggings":8,"minecraft:cobblestone_stairs":50,"minecraft:glass_bottle":2,"minecraft:baked_potato":19,"minecraft:blue_wool":2,"minecraft:green_bed":1,"minecraft:waxed_copper_block":10,"minecraft:spider_eye":4,"minecraft:apple":27,"minecraft:chicken":1,"minecraft:stone_axe":48,"minecraft:white_banner":13,"minecraft:bucket":108,"minecraft:yellow_bed":5,"minecraft:pumpkin_pie":30,"minecraft:waxed_oxidized_copper_bulb":1,"minecraft:sculk_catalyst":1},"minecraft:dropped":{"minecraft:iron_sword":2,"minecraft:chorus_fruit":101,"minecraft:glass_bottle":13,"minecraft:diamond":26,"minecraft:crossbow":10,"minecraft:cracked_stone_bricks":2,"minecraft:purpur_stairs":3,"minecraft:elytra":5,"minecraft:dragon_breath":2,"minecraft:red_carpet":45,"minecraft:emerald":317,"minecraft:gold_block":4,"minecraft:dirt":610,"minecraft:dark_oak_fence":5,"minecraft:scrape_pottery_sherd":4,"minecraft:sugar":1,"minecraft:iron_pickaxe":3,"minecraft:dark_oak_planks":3,"minecraft:white_wool":2,"minecraft:bone":11,"minecraft:oak_door":2,"minecraft:stone_axe":2,"minecraft:emerald_block":1,"minecraft:sugar_cane":20,"minecraft:iron_nugget":13,"minecraft:cobbled_deepslate":19,"minecraft:nether_brick":14,"minecraft:wheat":42,"minecraft:rotten_flesh":23,"minecraft:oak_planks":52,"minecraft:end_stone":53,"minecraft:chiseled_deepslate":2,"minecraft:tipped_arrow":1,"minecraft:end_stone_bricks":6,"minecraft:glass":4,"minecraft:egg":4,"minecraft:enchanted_book":1,"minecraft:iron_ingot":58,"minecraft:wheat_seeds":254,"minecraft:cobblestone":339,"minecraft:feather":2,"minecraft:oak_fence":4,"minecraft:iron_helmet":2,"minecraft:book":194,"minecraft:waxed_copper_grate":2,"minecraft:granite":19,"minecraft:coal":9,"minecraft:diamond_helmet":1,"minecraft:potion":1,"minecraft:oak_stairs":14,"minecraft:white_banner":2,"minecraft:iron_shovel":2,"minecraft:string":6415,"minecraft:spruce_sapling":10,"minecraft:bricks":1,"minecraft:soul_soil":71,"minecraft:stone_sword":3,"minecraft:deepslate":12,"minecraft:experience_bottle":3,"minecraft:stone_shovel":1,"minecraft:chicken":1,"minecraft:white_carpet":16,"minecraft:clay_ball":4,"minecraft:iron_boots":2,"minecraft:white_terracotta":1,"minecraft:shears":1,"minecraft:potato":12,"minecraft:spruce_boat":4,"minecraft:spruce_planks":63,"minecraft:diamond_pickaxe":1,"minecraft:stone_bricks":2,"minecraft:bow":27,"minecraft:bell":1,"minecraft:waxed_oxidized_copper_trapdoor":1,"minecraft:guster_pottery_sherd":1,"minecraft:soul_sand":29,"minecraft:diamond_axe":1,"minecraft:oak_log":20,"minecraft:ender_pearl":1218,"minecraft:leather":11,"minecraft:cobblestone_stairs":6,"minecraft:cracked_polished_blackstone_bricks":14,"minecraft:dark_oak_log":2,"minecraft:mutton":2,"minecraft:crimson_roots":2,"minecraft:snowball":1,"minecraft:pumpkin_pie":46,"minecraft:gilded_blackstone":1,"minecraft:polished_blackstone_bricks":5,"minecraft:gold_ingot":18,"minecraft:gravel":41,"minecraft:chiseled_polished_blackstone":1,"minecraft:purpur_block":2,"minecraft:blackstone":31,"minecraft:chiseled_tuff_bricks":5,"minecraft:carrot":9,"minecraft:shulker_shell":1,"minecraft:poppy":4,"minecraft:gunpowder":2,"minecraft:beetroot_seeds":6,"minecraft:chest":6,"minecraft:basalt":2,"minecraft:arrow":754,"minecraft:netherrack":324,"minecraft:firework_rocket":1,"minecraft:bread":67,"minecraft:mossy_cobblestone":17,"minecraft:diamond_leggings":4,"minecraft:sculk_vein":1,"minecraft:spectral_arrow":14,"minecraft:amethyst_block":7,"minecraft:tropical_fish":1,"minecraft:spruce_stairs":1,"minecraft:stick":10,"minecraft:diorite":9,"minecraft:sculk_catalyst":2,"minecraft:torch":17,"minecraft:fire_charge":1,"minecraft:waxed_oxidized_copper":3,"minecraft:iron_leggings":3,"minecraft:iron_axe":2,"minecraft:bucket":1,"minecraft:dandelion":4,"minecraft:smooth_basalt":8,"minecraft:tuff_bricks":110,"minecraft:sweet_berries":7,"minecraft:flow_pottery_sherd":2,"minecraft:raw_copper":6,"minecraft:raw_iron":118,"minecraft:composter":1,"minecraft:stripped_oak_log":1,"minecraft:diamond_chestplate":3,"minecraft:iron_chestplate":1,"minecraft:andesite":31,"minecraft:mossy_stone_bricks":1,"minecraft:waxed_oxidized_cut_copper":5,"minecraft:golden_sword":1,"minecraft:diamond_boots":2,"minecraft:spruce_log":18,"minecraft:stone_pickaxe":1,"minecraft:calcite":10,"minecraft:brick":6},"minecraft:picked_up":{"minecraft:iron_chestplate":16,"minecraft:flower_pot":1,"minecraft:diamond_sword":35,"minecraft:oak_stairs":85,"minecraft:enchanted_book":8,"minecraft:golden_sword":2,"minecraft:amethyst_block":13,"minecraft:polished_deepslate":8,"minecraft:string":11302,"minecraft:soul_soil":101,"minecraft:sculk_shrieker":4,"minecraft:beetroot":2,"minecraft:diamond_leggings":43,"minecraft:cobbled_deepslate":224,"minecraft:gold_nugget":146,"minecraft:spruce_planks":144,"minecraft:trial_key":3,"minecraft:golden_helmet":1,"minecraft:composter":1,"minecraft:green_bed":1,"minecraft:purpur_pillar":34,"minecraft:golden_axe":5,"minecraft:waxed_copper_grate":4,"minecraft:stone_sword":10,"minecraft:light_blue_wool":2,"minecraft:tropical_fish":1,"minecraft:vex_armor_trim_smithing_template":6,"minecraft:polished_basalt":2,"minecraft:carved_pumpkin":1,"minecraft:white_terracotta":1,"minecraft:blaze_rod":28,"minecraft:iron_bars":2,"minecraft:snowball":28,"minecraft:cooked_beef":302,"minecraft:feather":2,"minecraft:water_bucket":22,"minecraft:flint":11,"minecraft:diamond_helmet":14,"minecraft:glowstone_dust":12,"minecraft:moss_block":3,"minecraft:chiseled_polished_blackstone":1,"minecraft:dark_oak_log":2,"minecraft:white_candle":3,"minecraft:snout_armor_trim_smithing_template":1,"minecraft:deepslate":108,"minecraft:granite":19,"minecraft:golden_horse_armor":5,"minecraft:bread":155,"minecraft:bricks":1,"minecraft:dark_oak_fence":6,"minecraft:ominous_trial_key":1,"minecraft:crimson_roots":2,"minecraft:diamond_pickaxe":15,"minecraft:crafting_table":7,"minecraft:ominous_bottle":4,"minecraft:purpur_block":36,"minecraft:wind_charge":4,"minecraft:flint_and_steel":12,"minecraft:red_bed":1,"minecraft:elytra":30,"minecraft:white_carpet":43,"minecraft:netherite_scrap":16,"minecraft:iron_shovel":26,"minecraft:cracked_stone_bricks":5,"minecraft:cartography_table":3,"minecraft:netherite_sword":10,"minecraft:music_disc_otherside":3,"minecraft:beef":29,"minecraft:iron_nugget":39,"minecraft:poppy":6,"minecraft:guster_pottery_sherd":1,"minecraft:chest":7,"minecraft:diamond_hoe":1,"minecraft:waxed_oxidized_copper":6,"minecraft:egg":5,"minecraft:oak_door":2,"minecraft:fire_charge":2,"minecraft:flow_pottery_sherd":2,"minecraft:carrot":9,"minecraft:redstone":15,"minecraft:stone_shovel":1,"minecraft:diamond_chestplate":38,"minecraft:beetroot_seeds":6,"minecraft:diamond_boots":25,"minecraft:hay_block":4,"minecraft:purpur_slab":8,"minecraft:gold_ingot":14,"minecraft:tuff_bricks":111,"minecraft:mutton":15,"minecraft:bone_block":42,"minecraft:white_wool":14,"minecraft:stripped_oak_log":1,"minecraft:red_mushroom":3,"minecraft:purpur_stairs":12,"minecraft:oak_log":66,"minecraft:ancient_debris":1,"minecraft:sculk_vein":1,"minecraft:white_banner":19,"minecraft:apple":22,"minecraft:stone_bricks":9,"minecraft:stone_pickaxe":2,"minecraft:glass_bottle":32,"minecraft:iron_sword":18,"minecraft:smooth_basalt":16,"minecraft:sweet_berries":107,"minecraft:gravel":448,"minecraft:spruce_sapling":43,"minecraft:spruce_log":100,"minecraft:dragon_egg":3,"minecraft:firework_rocket":277,"minecraft:diamond_shovel":32,"minecraft:stone_axe":2,"minecraft:diamond_axe":15,"minecraft:baked_potato":21,"minecraft:shulker_shell":7,"minecraft:ender_pearl":3821,"minecraft:chiseled_deepslate":6,"minecraft:wheat":80,"minecraft:gilded_blackstone":1,"minecraft:potion":27,"minecraft:nether_brick":14,"minecraft:raw_copper":6,"minecraft:iron_leggings":40,"minecraft:netherite_ingot":4,"minecraft:experience_bottle":6,"minecraft:bucket":13,"minecraft:calcite":10,"minecraft:ender_eye":2,"minecraft:iron_pickaxe":53,"minecraft:furnace":3,"minecraft:iron_boots":16,"minecraft:blue_wool":14,"minecraft:tipped_arrow":9,"minecraft:stick":60,"minecraft:oak_fence":5,"minecraft:torch":65,"minecraft:spruce_stairs":1,"minecraft:porkchop":85,"minecraft:diorite":64,"minecraft:rotten_flesh":431,"minecraft:deepslate_brick_stairs":4,"minecraft:obsidian":13,"minecraft:blaze_powder":96,"minecraft:cobblestone":627,"minecraft:enchanting_table":1,"minecraft:magma_cream":2,"minecraft:andesite":47,"minecraft:potato":137,"minecraft:tuff":83,"minecraft:wither_skeleton_skull":5,"minecraft:dirt":702,"minecraft:bone":229,"minecraft:bow":63,"minecraft:wheat_seeds":255,"minecraft:raw_gold":230,"minecraft:bell":4,"minecraft:bolt_armor_trim_smithing_template":1,"minecraft:mossy_stone_bricks":4,"minecraft:scrape_pottery_sherd":4,"minecraft:oak_planks":128,"minecraft:waxed_oxidized_copper_trapdoor":1,"minecraft:waxed_oxidized_copper_bulb":1,"minecraft:sand":2,"minecraft:spectral_arrow":163,"minecraft:mossy_cobblestone":28,"minecraft:sugar":1,"minecraft:diamond":81,"minecraft:spruce_boat":8,"minecraft:cracked_polished_blackstone_bricks":14,"minecraft:crossbow":40,"minecraft:breeze_rod":2,"minecraft:bone_meal":30,"minecraft:golden_apple":6,"minecraft:emerald":633,"minecraft:oak_sapling":3,"minecraft:netherrack":965,"minecraft:chorus_fruit":179,"minecraft:end_stone_bricks":15,"minecraft:waxed_oxidized_cut_copper":5,"minecraft:chicken":2,"minecraft:brown_mushroom":2,"minecraft:wooden_pickaxe":1,"minecraft:gold_block":6,"minecraft:brick":134,"minecraft:shield":23,"minecraft:dragon_breath":25,"minecraft:iron_axe":25,"minecraft:blackstone":658,"minecraft:spire_armor_trim_smithing_template":1,"minecraft:observer":1,"minecraft:sugar_cane":69,"minecraft:raw_iron":204,"minecraft:end_stone":163,"minecraft:bamboo_hanging_sign":4,"minecraft:polished_blackstone_bricks":23,"minecraft:cookie":2,"minecraft:dark_oak_planks":4,"minecraft:arrow":1333,"minecraft:pumpkin_pie":176,"minecraft:nether_bricks":23,"minecraft:saddle":24,"minecraft:skeleton_skull":5,"minecraft:basalt":117,"minecraft:golden_carrot":5,"minecraft:salmon":1,"minecraft:leather":11,"minecraft:birch_planks":1,"minecraft:waxed_copper_block":11,"minecraft:yellow_bed":6,"minecraft:gunpowder":49,"minecraft:cobblestone_stairs":16,"minecraft:red_carpet":544,"minecraft:iron_ingot":110,"minecraft:soul_sand":68,"minecraft:book":546,"minecraft:sculk_catalyst":6,"minecraft:emerald_block":3,"minecraft:quartz":25,"minecraft:dandelion":9,"minecraft:lava_bucket":1,"minecraft:amethyst_shard":13,"minecraft:white_bed":10,"minecraft:spider_eye":49,"minecraft:iron_helmet":14,"minecraft:coal":102,"minecraft:chiseled_tuff_bricks":22},"minecraft:crafted":{"minecraft:lever":1,"minecraft:bookshelf":38,"minecraft:glass":4,"minecraft:diamond_helmet":2,"minecraft:emerald":524,"minecraft:diamond_axe":2,"minecraft:fletching_table":10,"minecraft:crafter":1,"minecraft:iron_pickaxe":3,"minecraft:gold_ingot":18,"minecraft:netherite_ingot":2,"minecraft:dark_oak_planks":8,"minecraft:wheat":36,"minecraft:crossbow":2,"minecraft:enchanting_table":1,"minecraft:glowstone":12,"minecraft:enchanted_book":4,"minecraft:flint":10,"minecraft:iron_shovel":4,"minecraft:iron_leggings":2,"minecraft:white_bed":1,"minecraft:oak_planks":192,"minecraft:cobblestone_stairs":40,"minecraft:bow":13,"minecraft:iron_boots":3,"minecraft:chest":4,"minecraft:ender_eye":2,"minecraft:dropper":1,"minecraft:item_frame":3,"minecraft:arrow":672,"minecraft:crafting_table":3,"minecraft:spruce_planks":232,"minecraft:iron_helmet":2,"minecraft:iron_chestplate":2,"minecraft:diamond_pickaxe":1,"minecraft:shield":2,"minecraft:stick":128,"minecraft:iron_ingot":105,"minecraft:shears":1,"minecraft:redstone":48,"minecraft:netherite_sword":1,"minecraft:furnace":8,"minecraft:iron_axe":2,"minecraft:netherite_scrap":8,"minecraft:observer":1,"minecraft:cooked_beef":24,"minecraft:diamond_sword":1,"minecraft:iron_sword":2,"minecraft:bucket":1,"minecraft:bread":178,"minecraft:air":0,"minecraft:pumpkin_pie":60,"minecraft:torch":12,"minecraft:lapis_lazuli":24},"minecraft:killed_by":{"minecraft:vindicator":2,"minecraft:zombie":3,"minecraft:ender_dragon":5,"minecraft:shulker":4,"minecraft:warden":9,"minecraft:zombified_piglin":1,"minecraft:wither_skeleton":1,"minecraft:blaze":1,"minecraft:player":10,"minecraft:enderman":4,"minecraft:iron_golem":2,"minecraft:skeleton":1},"minecraft:killed":{"minecraft:shulker":3,"minecraft:skeleton":18,"minecraft:chicken":2,"minecraft:tropical_fish":2,"minecraft:magma_cube":6,"minecraft:salmon":4,"minecraft:iron_golem":5,"minecraft:pillager":48,"minecraft:zombie":44,"minecraft:cow":15,"minecraft:vindicator":4,"minecraft:endermite":1,"minecraft:ravager":3,"minecraft:breeze":1,"minecraft:enderman":1463,"minecraft:zombified_piglin":2,"minecraft:spider":7,"minecraft:piglin":2,"minecraft:pig":4,"minecraft:sheep":4,"minecraft:drowned":2,"minecraft:wither_skeleton":5,"minecraft:villager":1}},"DataVersion":3955}