{"stats":{"minecraft:crafted":{"minecraft:oak_planks":184,"minecraft:cobblestone_stairs":40,"minecraft:bookshelf":16,"minecraft:diamond_helmet":1,"minecraft:bow":13,"minecraft:iron_boots":2,"minecraft:arrow":672,"minecraft:emerald":387,"minecraft:crafting_table":1,"minecraft:diamond_axe":1,"minecraft:spruce_planks":96,"minecraft:iron_helmet":1,"minecraft:fletching_table":10,"minecraft:iron_chestplate":2,"minecraft:diamond_pickaxe":1,"minecraft:shield":2,"minecraft:stick":96,"minecraft:iron_pickaxe":3,"minecraft:iron_ingot":105,"minecraft:gold_ingot":18,"minecraft:shears":1,"minecraft:redstone":48,"minecraft:furnace":8,"minecraft:iron_axe":2,"minecraft:diamond_sword":1,"minecraft:enchanting_table":1,"minecraft:iron_sword":2,"minecraft:glowstone":12,"minecraft:enchanted_book":1,"minecraft:bread":152,"minecraft:flint":10,"minecraft:iron_shovel":4,"minecraft:iron_leggings":2,"minecraft:pumpkin_pie":60,"minecraft:lapis_lazuli":24},"minecraft:used":{"minecraft:beetroot":2,"minecraft:iron_shovel":968,"minecraft:elytra":2,"minecraft:chest":1,"minecraft:shield":25,"minecraft:iron_sword":57,"minecraft:bell":1,"minecraft:iron_chestplate":4,"minecraft:soul_sand":5,"minecraft:mutton":4,"minecraft:carrot":8,"minecraft:snowball":27,"minecraft:lava_bucket":15,"minecraft:iron_helmet":3,"minecraft:bow":83,"minecraft:sweet_berries":10,"minecraft:oak_sapling":1,"minecraft:potato":12,"minecraft:diorite":29,"minecraft:oak_planks":9,"minecraft:blackstone":164,"minecraft:ender_pearl":7,"minecraft:diamond_axe":150,"minecraft:purpur_pillar":19,"minecraft:bread":51,"minecraft:string":16,"minecraft:gravel":61,"minecraft:golden_helmet":1,"minecraft:diamond_sword":54,"minecraft:fire_charge":1,"minecraft:bone_meal":30,"minecraft:purpur_block":20,"minecraft:enchanting_table":1,"minecraft:spruce_planks":47,"minecraft:netherrack":190,"minecraft:dirt":145,"minecraft:diamond_helmet":1,"minecraft:bookshelf":16,"minecraft:iron_axe":425,"minecraft:oak_stairs":71,"minecraft:iron_boots":3,"minecraft:basalt":22,"minecraft:soul_soil":18,"minecraft:cobbled_deepslate":45,"minecraft:iron_leggings":5,"minecraft:wheat_seeds":42,"minecraft:water_bucket":21,"minecraft:cobblestone_stairs":50,"minecraft:fletching_table":10,"minecraft:crafting_table":1,"minecraft:white_bed":1,"minecraft:diamond_pickaxe":644,"minecraft:diamond_shovel":131,"minecraft:chicken":1,"minecraft:iron_pickaxe":636,"minecraft:purpur_slab":4,"minecraft:spruce_sapling":23,"minecraft:stone_axe":48,"minecraft:cobblestone":34,"minecraft:potion":3,"minecraft:bucket":36,"minecraft:yellow_bed":1,"minecraft:pumpkin_pie":22},"minecraft:custom":{"minecraft:interact_with_crafting_table":40,"minecraft:bell_ring":1,"minecraft:leave_game":7,"minecraft:time_since_death":11329,"minecraft:sprint_one_cm":898061,"minecraft:damage_blocked_by_shield":845,"minecraft:drop":257,"minecraft:talked_to_villager":130,"minecraft:play_time":406532,"minecraft:deaths":14,"minecraft:jump":5864,"minecraft:interact_with_brewingstand":1,"minecraft:walk_on_water_one_cm":68247,"minecraft:interact_with_furnace":27,"minecraft:traded_with_villager":544,"minecraft:sleep_in_bed":18,"minecraft:damage_dealt":7278,"minecraft:player_kills":1,"minecraft:crouch_one_cm":26425,"minecraft:mob_kills":28,"minecraft:interact_with_anvil":7,"minecraft:climb_one_cm":9213,"minecraft:walk_one_cm":856938,"minecraft:sneak_time":17672,"minecraft:walk_under_water_one_cm":30810,"minecraft:boat_one_cm":233640,"minecraft:interact_with_blast_furnace":1,"minecraft:total_world_time":406532,"minecraft:time_since_rest":11371,"minecraft:damage_taken":9374,"minecraft:swim_one_cm":80579,"minecraft:fly_one_cm":1304232,"minecraft:open_chest":119,"minecraft:aviate_one_cm":71055,"minecraft:fall_one_cm":137799},"minecraft:broken":{"minecraft:iron_shovel":2,"minecraft:diamond_shovel":1,"minecraft:stone_axe":1,"minecraft:iron_axe":1},"minecraft:dropped":{"minecraft:iron_sword":2,"minecraft:soul_sand":29,"minecraft:diamond_axe":1,"minecraft:oak_log":20,"minecraft:glass_bottle":2,"minecraft:diamond":13,"minecraft:crossbow":5,"minecraft:elytra":1,"minecraft:emerald":184,"minecraft:cracked_polished_blackstone_bricks":2,"minecraft:dirt":366,"minecraft:mutton":2,"minecraft:crimson_roots":2,"minecraft:snowball":1,"minecraft:pumpkin_pie":46,"minecraft:gilded_blackstone":1,"minecraft:polished_blackstone_bricks":5,"minecraft:sugar":1,"minecraft:iron_pickaxe":3,"minecraft:gold_ingot":18,"minecraft:bone":9,"minecraft:oak_door":2,"minecraft:gravel":41,"minecraft:chiseled_polished_blackstone":1,"minecraft:iron_nugget":13,"minecraft:cobbled_deepslate":12,"minecraft:nether_brick":14,"minecraft:wheat":42,"minecraft:rotten_flesh":10,"minecraft:oak_planks":52,"minecraft:carrot":9,"minecraft:poppy":4,"minecraft:gunpowder":2,"minecraft:beetroot_seeds":6,"minecraft:chest":2,"minecraft:basalt":2,"minecraft:arrow":719,"minecraft:netherrack":257,"minecraft:egg":1,"minecraft:iron_ingot":45,"minecraft:bread":67,"minecraft:wheat_seeds":148,"minecraft:mossy_cobblestone":17,"minecraft:oak_fence":1,"minecraft:feather":2,"minecraft:cobblestone":193,"minecraft:book":191,"minecraft:coal":1,"minecraft:stick":5,"minecraft:diorite":9,"minecraft:torch":11,"minecraft:fire_charge":1,"minecraft:iron_leggings":1,"minecraft:oak_stairs":13,"minecraft:iron_axe":1,"minecraft:iron_shovel":2,"minecraft:string":3835,"minecraft:spruce_sapling":6,"minecraft:dandelion":1,"minecraft:sweet_berries":5,"minecraft:soul_soil":66,"minecraft:stone_sword":1,"minecraft:raw_iron":117,"minecraft:composter":1,"minecraft:clay_ball":4,"minecraft:stripped_oak_log":1,"minecraft:shears":1,"minecraft:potato":12,"minecraft:spruce_boat":4,"minecraft:spruce_planks":57,"minecraft:diamond_pickaxe":1,"minecraft:iron_chestplate":1,"minecraft:andesite":26,"minecraft:spruce_log":18,"minecraft:bow":24,"minecraft:stone_pickaxe":1,"minecraft:bell":1},"minecraft:killed_by":{"minecraft:zombie":2,"minecraft:enderman":2,"minecraft:ender_dragon":3,"minecraft:shulker":3},"minecraft:killed":{"minecraft:shulker":1,"minecraft:skeleton":2,"minecraft:chicken":1,"minecraft:tropical_fish":1,"minecraft:magma_cube":5,"minecraft:piglin":1,"minecraft:salmon":3,"minecraft:iron_golem":3,"minecraft:zombie":4,"minecraft:villager":1,"minecraft:enderman":6},"minecraft:picked_up":{"minecraft:shulker_shell":2,"minecraft:iron_chestplate":9,"minecraft:wheat":46,"minecraft:diamond_sword":4,"minecraft:oak_stairs":84,"minecraft:enchanted_book":2,"minecraft:potion":3,"minecraft:gilded_blackstone":1,"minecraft:nether_brick":14,"minecraft:string":9155,"minecraft:soul_soil":85,"minecraft:iron_leggings":13,"minecraft:beetroot":2,"minecraft:diamond_leggings":3,"minecraft:gold_nugget":54,"minecraft:cobbled_deepslate":121,"minecraft:bucket":1,"minecraft:spruce_planks":139,"minecraft:iron_pickaxe":5,"minecraft:iron_boots":6,"minecraft:furnace":2,"minecraft:golden_helmet":1,"minecraft:stick":36,"minecraft:composter":1,"minecraft:oak_fence":1,"minecraft:torch":49,"minecraft:purpur_pillar":21,"minecraft:diorite":42,"minecraft:stone_sword":1,"minecraft:rotten_flesh":11,"minecraft:iron_bars":2,"minecraft:obsidian":13,"minecraft:snowball":28,"minecraft:cobblestone":306,"minecraft:feather":2,"minecraft:magma_cream":2,"minecraft:water_bucket":4,"minecraft:andesite":39,"minecraft:potato":12,"minecraft:flint":11,"minecraft:tuff":83,"minecraft:dirt":519,"minecraft:bone":9,"minecraft:bow":13,"minecraft:wheat_seeds":147,"minecraft:bell":4,"minecraft:moss_block":3,"minecraft:oak_planks":97,"minecraft:chiseled_polished_blackstone":1,"minecraft:mossy_cobblestone":19,"minecraft:snout_armor_trim_smithing_template":1,"minecraft:sugar":1,"minecraft:diamond":9,"minecraft:spruce_boat":4,"minecraft:cracked_polished_blackstone_bricks":2,"minecraft:bone_meal":30,"minecraft:bread":153,"minecraft:emerald":79,"minecraft:oak_sapling":1,"minecraft:netherrack":633,"minecraft:crimson_roots":2,"minecraft:diamond_pickaxe":6,"minecraft:end_stone_bricks":3,"minecraft:crafting_table":6,"minecraft:chicken":1,"minecraft:brown_mushroom":2,"minecraft:wooden_pickaxe":1,"minecraft:gold_block":2,"minecraft:purpur_block":28,"minecraft:shield":6,"minecraft:elytra":4,"minecraft:iron_axe":2,"minecraft:iron_shovel":5,"minecraft:blackstone":382,"minecraft:spire_armor_trim_smithing_template":1,"minecraft:iron_nugget":39,"minecraft:poppy":6,"minecraft:chest":3,"minecraft:egg":1,"minecraft:raw_iron":203,"minecraft:end_stone":35,"minecraft:oak_door":2,"minecraft:fire_charge":2,"minecraft:polished_blackstone_bricks":5,"minecraft:carrot":9,"minecraft:redstone":15,"minecraft:arrow":581,"minecraft:beetroot_seeds":6,"minecraft:pumpkin_pie":176,"minecraft:diamond_boots":1,"minecraft:purpur_slab":7,"minecraft:gold_ingot":14,"minecraft:mutton":4,"minecraft:white_wool":3,"minecraft:bone_block":42,"minecraft:stripped_oak_log":1,"minecraft:basalt":102,"minecraft:golden_carrot":5,"minecraft:red_mushroom":3,"minecraft:purpur_stairs":1,"minecraft:oak_log":66,"minecraft:ancient_debris":1,"minecraft:yellow_bed":2,"minecraft:gunpowder":2,"minecraft:cobblestone_stairs":10,"minecraft:apple":22,"minecraft:iron_ingot":23,"minecraft:stone_pickaxe":2,"minecraft:glass_bottle":2,"minecraft:iron_sword":4,"minecraft:soul_sand":35,"minecraft:sweet_berries":15,"minecraft:quartz":25,"minecraft:dandelion":1,"minecraft:gravel":112,"minecraft:lava_bucket":1,"minecraft:spruce_sapling":36,"minecraft:white_bed":1,"minecraft:spruce_log":66,"minecraft:diamond_shovel":2,"minecraft:stone_axe":1,"minecraft:iron_helmet":3,"minecraft:diamond_axe":7,"minecraft:coal":70,"minecraft:ender_pearl":23},"minecraft:mined":{"minecraft:spruce_planks":4,"minecraft:white_bed":1,"minecraft:cobblestone_stairs":10,"minecraft:obsidian":3,"minecraft:cave_vines_plant":1,"minecraft:chiseled_polished_blackstone":1,"minecraft:grass_block":61,"minecraft:cracked_polished_blackstone_bricks":3,"minecraft:soul_soil":100,"minecraft:composter":1,"minecraft:polished_blackstone_bricks":5,"minecraft:iron_ore":14,"minecraft:fire":3,"minecraft:dirt_path":243,"minecraft:oak_stairs":84,"minecraft:end_stone_bricks":3,"minecraft:tripwire":5,"minecraft:blackstone":125,"minecraft:crimson_nylium":1,"minecraft:purpur_stairs":3,"minecraft:chest":3,"minecraft:nether_quartz_ore":18,"minecraft:cobblestone":134,"minecraft:oak_planks":35,"minecraft:wall_torch":5,"minecraft:seagrass":3,"minecraft:wheat":83,"minecraft:purpur_block":43,"minecraft:oak_log":68,"minecraft:beetroots":2,"minecraft:dirt":175,"minecraft:netherrack":369,"minecraft:ancient_debris":1,"minecraft:oak_leaves":7,"minecraft:deepslate":57,"minecraft:nether_gold_ore":8,"minecraft:mossy_cobblestone":18,"minecraft:oak_door":2,"minecraft:end_stone":10,"minecraft:crimson_roots":1,"minecraft:spruce_leaves":108,"minecraft:moss_block":10,"minecraft:spruce_sapling":4,"minecraft:furnace":2,"minecraft:carrots":9,"minecraft:snow":28,"minecraft:andesite":40,"minecraft:gold_block":1,"minecraft:bell":2,"minecraft:potatoes":12,"minecraft:deepslate_iron_ore":8,"minecraft:stripped_oak_log":1,"minecraft:stone":193,"minecraft:bone_block":42,"minecraft:podzol":1,"minecraft:glass_pane":5,"minecraft:magenta_stained_glass":2,"minecraft:soul_sand":20,"minecraft:basalt":20,"minecraft:crafting_table":1,"minecraft:oak_fence":1,"minecraft:short_grass":9,"minecraft:purpur_pillar":28,"minecraft:diorite":26,"minecraft:sweet_berry_bush":6,"minecraft:spruce_log":48,"minecraft:yellow_bed":2,"minecraft:coal_ore":38,"minecraft:gravel":124,"minecraft:fern":1}},"DataVersion":3955}