{"stats":{"minecraft:used":{"minecraft:spruce_boat":1,"minecraft:crafting_table":1},"minecraft:picked_up":{"minecraft:oak_log":2,"minecraft:spruce_log":5,"minecraft:dirt":3},"minecraft:killed_by":{"minecraft:skeleton":1,"minecraft:witch":1},"minecraft:custom":{"minecraft:interact_with_furnace":1,"minecraft:open_chest":13,"minecraft:time_since_rest":11481,"minecraft:walk_one_cm":69377,"minecraft:crouch_one_cm":547,"minecraft:play_time":26292,"minecraft:sprint_one_cm":83058,"minecraft:damage_taken":820,"minecraft:deaths":3,"minecraft:sneak_time":413,"minecraft:walk_under_water_one_cm":13297,"minecraft:boat_one_cm":33658,"minecraft:jump":551,"minecraft:time_since_death":11420,"minecraft:walk_on_water_one_cm":12067,"minecraft:total_world_time":26292,"minecraft:swim_one_cm":11829,"minecraft:interact_with_crafting_table":1,"minecraft:fall_one_cm":18877,"minecraft:fly_one_cm":56634,"minecraft:open_shulker_box":1},"minecraft:crafted":{"minecraft:wooden_sword":1,"minecraft:spruce_boat":1,"minecraft:crafting_table":1,"minecraft:spruce_planks":20,"minecraft:stick":4},"minecraft:mined":{"minecraft:short_grass":1,"minecraft:grass_block":2,"minecraft:oak_log":2,"minecraft:dirt":1,"minecraft:spruce_leaves":2,"minecraft:spruce_log":5,"minecraft:oak_leaves":4}},"DataVersion":3955}