{"stats":{"minecraft:used":{"minecraft:spruce_boat":1,"minecraft:crafting_table":1},"minecraft:picked_up":{"minecraft:oak_log":2,"minecraft:spruce_log":5,"minecraft:dirt":3},"minecraft:killed_by":{"minecraft:skeleton":1,"minecraft:witch":1},"minecraft:custom":{"minecraft:time_since_rest":5481,"minecraft:walk_one_cm":53224,"minecraft:crouch_one_cm":469,"minecraft:play_time":20292,"minecraft:sprint_one_cm":57465,"minecraft:damage_taken":810,"minecraft:deaths":3,"minecraft:sneak_time":358,"minecraft:walk_under_water_one_cm":13297,"minecraft:boat_one_cm":20612,"minecraft:jump":458,"minecraft:time_since_death":5420,"minecraft:walk_on_water_one_cm":11289,"minecraft:total_world_time":20292,"minecraft:swim_one_cm":11829,"minecraft:interact_with_crafting_table":1,"minecraft:fall_one_cm":16692,"minecraft:fly_one_cm":38884},"minecraft:crafted":{"minecraft:wooden_sword":1,"minecraft:spruce_boat":1,"minecraft:crafting_table":1,"minecraft:spruce_planks":20,"minecraft:stick":4},"minecraft:mined":{"minecraft:short_grass":1,"minecraft:grass_block":2,"minecraft:oak_log":2,"minecraft:dirt":1,"minecraft:spruce_leaves":2,"minecraft:spruce_log":5,"minecraft:oak_leaves":4}},"DataVersion":3955}