{"stats":{"minecraft:mined":{"minecraft:magenta_stained_glass":1,"minecraft:purpur_stairs":1,"minecraft:short_grass":1,"minecraft:sand":3,"minecraft:purpur_pillar":2,"minecraft:chorus_plant":7},"minecraft:broken":{"minecraft:iron_axe":1},"minecraft:custom":{"minecraft:time_since_rest":13078,"minecraft:interact_with_furnace":3,"minecraft:sprint_one_cm":963,"minecraft:open_enderchest":1,"minecraft:damage_taken":1913,"minecraft:walk_one_cm":230797,"minecraft:mob_kills":5,"minecraft:drop":26,"minecraft:damage_dealt":1777,"minecraft:interact_with_crafting_table":1,"minecraft:fly_one_cm":3386,"minecraft:open_chest":18,"minecraft:crouch_one_cm":1698,"minecraft:open_shulker_box":1,"minecraft:play_time":123864,"minecraft:deaths":7,"minecraft:sneak_time":1196,"minecraft:walk_under_water_one_cm":3550,"minecraft:interact_with_brewingstand":4,"minecraft:jump":189,"minecraft:sleep_in_bed":2,"minecraft:leave_game":2,"minecraft:time_since_death":21691,"minecraft:walk_on_water_one_cm":6773,"minecraft:enchant_item":6,"minecraft:climb_one_cm":1735,"minecraft:total_world_time":123864,"minecraft:fall_one_cm":3045},"minecraft:used":{"minecraft:purpur_block":1,"minecraft:diamond_pickaxe":27,"minecraft:heavy_core":2,"minecraft:iron_axe":4,"minecraft:glass_bottle":3,"minecraft:purpur_pillar":2,"minecraft:diamond_chestplate":1,"minecraft:diamond_sword":53,"minecraft:bow":3,"minecraft:shulker_box":2},"minecraft:dropped":{"minecraft:shield":2,"minecraft:chorus_fruit":24},"minecraft:picked_up":{"minecraft:book":3,"minecraft:golden_carrot":1,"minecraft:purpur_pillar":2,"minecraft:potion":1,"minecraft:sand":3,"minecraft:purpur_stairs":10,"minecraft:purpur_block":4,"minecraft:shield":2,"minecraft:shulker_box":2,"minecraft:elytra":1,"minecraft:iron_axe":1,"minecraft:bone":2,"minecraft:bow":1,"minecraft:iron_ingot":19,"minecraft:end_rod":1,"minecraft:magenta_stained_glass":1,"minecraft:emerald":4,"minecraft:chorus_fruit":98,"minecraft:blaze_powder":34,"minecraft:diamond_pickaxe":2,"minecraft:ender_pearl":16},"minecraft:crafted":{"minecraft:glass_bottle":3,"minecraft:glass":3},"minecraft:killed_by":{"minecraft:evoker":1,"minecraft:shulker":1,"minecraft:player":1,"minecraft:zombie":1,"minecraft:enderman":1},"minecraft:killed":{"minecraft:skeleton":1,"minecraft:zombie_villager":2,"minecraft:iron_golem":1}},"DataVersion":3955}