{"stats":{"minecraft:mined":{"minecraft:magenta_stained_glass":1,"minecraft:purpur_stairs":1,"minecraft:sand":3,"minecraft:purpur_pillar":2,"minecraft:chorus_plant":7},"minecraft:custom":{"minecraft:time_since_rest":4583,"minecraft:interact_with_furnace":3,"minecraft:sprint_one_cm":1,"minecraft:open_enderchest":1,"minecraft:damage_taken":1091,"minecraft:walk_one_cm":141643,"minecraft:mob_kills":2,"minecraft:drop":24,"minecraft:damage_dealt":1178,"minecraft:interact_with_crafting_table":1,"minecraft:fly_one_cm":1806,"minecraft:open_chest":13,"minecraft:crouch_one_cm":1596,"minecraft:play_time":45338,"minecraft:deaths":3,"minecraft:sneak_time":1116,"minecraft:walk_under_water_one_cm":3550,"minecraft:jump":131,"minecraft:interact_with_brewingstand":4,"minecraft:leave_game":1,"minecraft:time_since_death":0,"minecraft:walk_on_water_one_cm":4508,"minecraft:climb_one_cm":1735,"minecraft:total_world_time":45338,"minecraft:fall_one_cm":1840},"minecraft:used":{"minecraft:purpur_block":1,"minecraft:diamond_pickaxe":27,"minecraft:glass_bottle":3,"minecraft:purpur_pillar":2,"minecraft:diamond_sword":40},"minecraft:dropped":{"minecraft:chorus_fruit":24},"minecraft:picked_up":{"minecraft:book":3,"minecraft:golden_carrot":1,"minecraft:purpur_pillar":2,"minecraft:potion":1,"minecraft:sand":3,"minecraft:purpur_stairs":10,"minecraft:purpur_block":4,"minecraft:elytra":1,"minecraft:bone":2,"minecraft:bow":1,"minecraft:iron_ingot":15,"minecraft:end_rod":1,"minecraft:magenta_stained_glass":1,"minecraft:chorus_fruit":98,"minecraft:blaze_powder":34,"minecraft:ender_pearl":16,"minecraft:diamond_pickaxe":2},"minecraft:crafted":{"minecraft:glass_bottle":3,"minecraft:glass":3},"minecraft:killed_by":{"minecraft:shulker":1,"minecraft:player":1,"minecraft:enderman":1},"minecraft:killed":{"minecraft:skeleton":1,"minecraft:iron_golem":1}},"DataVersion":3955}